,Name,Link,OfficialTitle,BillStage,Date,LegisType,CommitteeName,SponsorLastName,SponsorFirstName,SponsorState,CoSponsorLastName,CoSponsorFirstName,CoSponsorState
0,BILLS-115s3667is,https://www.govinfo.gov/content/pkg/BILLS-115s3667is/xml/BILLS-115s3667is.xml,,,,,,,,,,,
1,BILLS-115hr147ih,https://www.govinfo.gov/content/pkg/BILLS-115hr147ih/xml/BILLS-115hr147ih.xml,,,,,,,,,,,
2,BILLS-115s1592is,https://www.govinfo.gov/content/pkg/BILLS-115s1592is/xml/BILLS-115s1592is.xml,,,,,,,,,,,
3,BILLS-115hr2095ih,https://www.govinfo.gov/content/pkg/BILLS-115hr2095ih/xml/BILLS-115hr2095ih.xml,,,,,,,,,,,
4,BILLS-115s456is,https://www.govinfo.gov/content/pkg/BILLS-115s456is/xml/BILLS-115s456is.xml,,,,,,,,,,,
5,BILLS-115s54is,https://www.govinfo.gov/content/pkg/BILLS-115s54is/xml/BILLS-115s54is.xml,,,,,,,,,,,
6,BILLS-115hr1231ih,https://www.govinfo.gov/content/pkg/BILLS-115hr1231ih/xml/BILLS-115hr1231ih.xml,,,,,,,,,,,
7,BILLS-115hr149ih,https://www.govinfo.gov/content/pkg/BILLS-115hr149ih/xml/BILLS-115hr149ih.xml,,,,,,,,,,,
8,BILLS-115hr6390ih,https://www.govinfo.gov/content/pkg/BILLS-115hr6390ih/xml/BILLS-115hr6390ih.xml,,,,,,,,,,,
9,BILLS-115s3321is,https://www.govinfo.gov/content/pkg/BILLS-115s3321is/xml/BILLS-115s3321is.xml,,,,,,,,,,,
10,BILLS-115sres56is,https://www.govinfo.gov/content/pkg/BILLS-115sres56is/xml/BILLS-115sres56is.xml,,,,,,,,,,,
11,BILLS-115hres291ih,https://www.govinfo.gov/content/pkg/BILLS-115hres291ih/xml/BILLS-115hres291ih.xml,,,,,,,,,,,
12,BILLS-115hres817ih,https://www.govinfo.gov/content/pkg/BILLS-115hres817ih/xml/BILLS-115hres817ih.xml,,,,,,,,,,,
13,BILLS-115sres70is,https://www.govinfo.gov/content/pkg/BILLS-115sres70is/xml/BILLS-115sres70is.xml,,,,,,,,,,,
14,BILLS-115s3321rfh,https://www.govinfo.gov/content/pkg/BILLS-115s3321rfh/xml/BILLS-115s3321rfh.xml,,,,,,,,,,,
15,BILLS-115s3321es,https://www.govinfo.gov/content/pkg/BILLS-115s3321es/xml/BILLS-115s3321es.xml,,,,,,,,,,,
16,BILLS-115hres706ih,https://www.govinfo.gov/content/pkg/BILLS-115hres706ih/xml/BILLS-115hres706ih.xml,,,,,,,,,,,
17,BILLS-115hres902ih,https://www.govinfo.gov/content/pkg/BILLS-115hres902ih/xml/BILLS-115hres902ih.xml,,,,,,,,,,,
18,BILLS-115sres383is,https://www.govinfo.gov/content/pkg/BILLS-115sres383is/xml/BILLS-115sres383is.xml,,,,,,,,,,,
19,BILLS-115hres139ih,https://www.govinfo.gov/content/pkg/BILLS-115hres139ih/xml/BILLS-115hres139ih.xml,,,,,,,,,,,
20,BILLS-115s3271is,https://www.govinfo.gov/content/pkg/BILLS-115s3271is/xml/BILLS-115s3271is.xml,,,,,,,,,,,
21,BILLS-115hr2282ih,https://www.govinfo.gov/content/pkg/BILLS-115hr2282ih/xml/BILLS-115hr2282ih.xml,,,,,,,,,,,
22,BILLS-115hr1566ih,https://www.govinfo.gov/content/pkg/BILLS-115hr1566ih/xml/BILLS-115hr1566ih.xml,,,,,,,,,,,
23,BILLS-115s1006is,https://www.govinfo.gov/content/pkg/BILLS-115s1006is/xml/BILLS-115s1006is.xml,,,,,,,,,,,
24,BILLS-115s662is,https://www.govinfo.gov/content/pkg/BILLS-115s662is/xml/BILLS-115s662is.xml,,,,,,,,,,,
25,BILLS-115hres646lth,https://www.govinfo.gov/content/pkg/BILLS-115hres646lth/xml/BILLS-115hres646lth.xml,,,,,,,,,,,
26,BILLS-115hr3520ih,https://www.govinfo.gov/content/pkg/BILLS-115hr3520ih/xml/BILLS-115hr3520ih.xml,,,,,,,,,,,
27,BILLS-115hr651ih,https://www.govinfo.gov/content/pkg/BILLS-115hr651ih/xml/BILLS-115hr651ih.xml,,,,,,,,,,,
28,BILLS-115hr1447ih,https://www.govinfo.gov/content/pkg/BILLS-115hr1447ih/xml/BILLS-115hr1447ih.xml,,,,,,,,,,,
29,BILLS-115hr3239ih,https://www.govinfo.gov/content/pkg/BILLS-115hr3239ih/xml/BILLS-115hr3239ih.xml,,,,,,,,,,,
30,BILLS-115s1328is,https://www.govinfo.gov/content/pkg/BILLS-115s1328is/xml/BILLS-115s1328is.xml,,,,,,,,,,,
31,BILLS-115s1143is,https://www.govinfo.gov/content/pkg/BILLS-115s1143is/xml/BILLS-115s1143is.xml,,,,,,,,,,,
32,BILLS-115hr2498ih,https://www.govinfo.gov/content/pkg/BILLS-115hr2498ih/xml/BILLS-115hr2498ih.xml,,,,,,,,,,,
33,BILLS-115hr4019ih,https://www.govinfo.gov/content/pkg/BILLS-115hr4019ih/xml/BILLS-115hr4019ih.xml,,,,,,,,,,,
34,BILLS-115s1593is,https://www.govinfo.gov/content/pkg/BILLS-115s1593is/xml/BILLS-115s1593is.xml,,,,,,,,,,,
35,BILLS-115hres452ih,https://www.govinfo.gov/content/pkg/BILLS-115hres452ih/xml/BILLS-115hres452ih.xml,,,,,,,,,,,
36,BILLS-115hr6905ih,https://www.govinfo.gov/content/pkg/BILLS-115hr6905ih/xml/BILLS-115hr6905ih.xml,,,,,,,,,,,
37,BILLS-115s1419is,https://www.govinfo.gov/content/pkg/BILLS-115s1419is/xml/BILLS-115s1419is.xml,,,,,,,,,,,
38,BILLS-115hr2978ih,https://www.govinfo.gov/content/pkg/BILLS-115hr2978ih/xml/BILLS-115hr2978ih.xml,,,,,,,,,,,
39,BILLS-115hconres78ih,https://www.govinfo.gov/content/pkg/BILLS-115hconres78ih/xml/BILLS-115hconres78ih.xml,,,,,,,,,,,
40,BILLS-115s2940is,https://www.govinfo.gov/content/pkg/BILLS-115s2940is/xml/BILLS-115s2940is.xml,,,,,,,,,,,
41,BILLS-115hr6707ih,https://www.govinfo.gov/content/pkg/BILLS-115hr6707ih/xml/BILLS-115hr6707ih.xml,,,,,,,,,,,
42,BILLS-115hr5924ih,https://www.govinfo.gov/content/pkg/BILLS-115hr5924ih/xml/BILLS-115hr5924ih.xml,,,,,,,,,,,
43,BILLS-115hr4527ih,https://www.govinfo.gov/content/pkg/BILLS-115hr4527ih/xml/BILLS-115hr4527ih.xml,,,,,,,,,,,
44,BILLS-115hr4093ih,https://www.govinfo.gov/content/pkg/BILLS-115hr4093ih/xml/BILLS-115hr4093ih.xml,,,,,,,,,,,
45,BILLS-115hr1983ih,https://www.govinfo.gov/content/pkg/BILLS-115hr1983ih/xml/BILLS-115hr1983ih.xml,,,,,,,,,,,
46,BILLS-115sres545ats,https://www.govinfo.gov/content/pkg/BILLS-115sres545ats/xml/BILLS-115sres545ats.xml,,,,,,,,,,,
47,BILLS-115hres511ih,https://www.govinfo.gov/content/pkg/BILLS-115hres511ih/xml/BILLS-115hres511ih.xml,,,,,,,,,,,
48,BILLS-115hr6315ih,https://www.govinfo.gov/content/pkg/BILLS-115hr6315ih/xml/BILLS-115hr6315ih.xml,,,,,,,,,,,
49,BILLS-115hres1071eh,https://www.govinfo.gov/content/pkg/BILLS-115hres1071eh/xml/BILLS-115hres1071eh.xml,,,,,,,,,,,
50,BILLS-115hr4100eh,https://www.govinfo.gov/content/pkg/BILLS-115hr4100eh/xml/BILLS-115hr4100eh.xml,,,,,,,,,,,
51,BILLS-115hr4100rfs,https://www.govinfo.gov/content/pkg/BILLS-115hr4100rfs/xml/BILLS-115hr4100rfs.xml,,,,,,,,,,,
52,BILLS-115s2250is,https://www.govinfo.gov/content/pkg/BILLS-115s2250is/xml/BILLS-115s2250is.xml,,,,,,,,,,,
53,BILLS-115sres190ats,https://www.govinfo.gov/content/pkg/BILLS-115sres190ats/xml/BILLS-115sres190ats.xml,,,,,,,,,,,
54,BILLS-115hr4680ih,https://www.govinfo.gov/content/pkg/BILLS-115hr4680ih/xml/BILLS-115hr4680ih.xml,,,,,,,,,,,
55,BILLS-115hr151ih,https://www.govinfo.gov/content/pkg/BILLS-115hr151ih/xml/BILLS-115hr151ih.xml,,,,,,,,,,,
56,BILLS-115hr713ih,https://www.govinfo.gov/content/pkg/BILLS-115hr713ih/xml/BILLS-115hr713ih.xml,,,,,,,,,,,
57,BILLS-115hr4100ih,https://www.govinfo.gov/content/pkg/BILLS-115hr4100ih/xml/BILLS-115hr4100ih.xml,,,,,,,,,,,
58,BILLS-115hres1071ih,https://www.govinfo.gov/content/pkg/BILLS-115hres1071ih/xml/BILLS-115hres1071ih.xml,,,,,,,,,,,
59,BILLS-115hres732ih,https://www.govinfo.gov/content/pkg/BILLS-115hres732ih/xml/BILLS-115hres732ih.xml,,,,,,,,,,,
60,BILLS-115s689is,https://www.govinfo.gov/content/pkg/BILLS-115s689is/xml/BILLS-115s689is.xml,,,,,,,,,,,
61,BILLS-115sres487is,https://www.govinfo.gov/content/pkg/BILLS-115sres487is/xml/BILLS-115sres487is.xml,,,,,,,,,,,
62,BILLS-115s2572is,https://www.govinfo.gov/content/pkg/BILLS-115s2572is/xml/BILLS-115s2572is.xml,,,,,,,,,,,
63,BILLS-115hres203rh,https://www.govinfo.gov/content/pkg/BILLS-115hres203rh/xml/BILLS-115hres203rh.xml,,,,,,,,,,,
64,BILLS-115hres854ih,https://www.govinfo.gov/content/pkg/BILLS-115hres854ih/xml/BILLS-115hres854ih.xml,,,,,,,,,,,
65,BILLS-115hr2538ih,https://www.govinfo.gov/content/pkg/BILLS-115hr2538ih/xml/BILLS-115hr2538ih.xml,,,,,,,,,,,
66,BILLS-115hr1957ih,https://www.govinfo.gov/content/pkg/BILLS-115hr1957ih/xml/BILLS-115hr1957ih.xml,,,,,,,,,,,
67,BILLS-115hres1066ih,https://www.govinfo.gov/content/pkg/BILLS-115hres1066ih/xml/BILLS-115hres1066ih.xml,,,,,,,,,,,
68,BILLS-115hres1060ih,https://www.govinfo.gov/content/pkg/BILLS-115hres1060ih/xml/BILLS-115hres1060ih.xml,,,,,,,,,,,
69,BILLS-115s3784is,https://www.govinfo.gov/content/pkg/BILLS-115s3784is/xml/BILLS-115s3784is.xml,,,,,,,,,,,
70,BILLS-115hr6359ih,https://www.govinfo.gov/content/pkg/BILLS-115hr6359ih/xml/BILLS-115hr6359ih.xml,,,,,,,,,,,
71,BILLS-115s3129is,https://www.govinfo.gov/content/pkg/BILLS-115s3129is/xml/BILLS-115s3129is.xml,,,,,,,,,,,
72,BILLS-115hr4114ih,https://www.govinfo.gov/content/pkg/BILLS-115hr4114ih/xml/BILLS-115hr4114ih.xml,,,,,,,,,,,
73,BILLS-115hr5195ih,https://www.govinfo.gov/content/pkg/BILLS-115hr5195ih/xml/BILLS-115hr5195ih.xml,,,,,,,,,,,
74,BILLS-115hr1563ih,https://www.govinfo.gov/content/pkg/BILLS-115hr1563ih/xml/BILLS-115hr1563ih.xml,,,,,,,,,,,
75,BILLS-115s1610is,https://www.govinfo.gov/content/pkg/BILLS-115s1610is/xml/BILLS-115s1610is.xml,,,,,,,,,,,
76,BILLS-115sres589ats,https://www.govinfo.gov/content/pkg/BILLS-115sres589ats/xml/BILLS-115sres589ats.xml,,,,,,,,,,,
77,BILLS-115s1996is,https://www.govinfo.gov/content/pkg/BILLS-115s1996is/xml/BILLS-115s1996is.xml,,,,,,,,,,,
78,BILLS-115hr4271ih,https://www.govinfo.gov/content/pkg/BILLS-115hr4271ih/xml/BILLS-115hr4271ih.xml,,,,,,,,,,,
79,BILLS-115s248is,https://www.govinfo.gov/content/pkg/BILLS-115s248is/xml/BILLS-115s248is.xml,,,,,,,,,,,
80,BILLS-115hr4933ih,https://www.govinfo.gov/content/pkg/BILLS-115hr4933ih/xml/BILLS-115hr4933ih.xml,,,,,,,,,,,
81,BILLS-115hr2096ih,https://www.govinfo.gov/content/pkg/BILLS-115hr2096ih/xml/BILLS-115hr2096ih.xml,,,,,,,,,,,
82,BILLS-115s1979is,https://www.govinfo.gov/content/pkg/BILLS-115s1979is/xml/BILLS-115s1979is.xml,,,,,,,,,,,
83,BILLS-115s549is,https://www.govinfo.gov/content/pkg/BILLS-115s549is/xml/BILLS-115s549is.xml,,,,,,,,,,,
84,BILLS-115s924is,https://www.govinfo.gov/content/pkg/BILLS-115s924is/xml/BILLS-115s924is.xml,,,,,,,,,,,
85,BILLS-115sres555ats,https://www.govinfo.gov/content/pkg/BILLS-115sres555ats/xml/BILLS-115sres555ats.xml,,,,,,,,,,,
86,BILLS-115hr1926ih,https://www.govinfo.gov/content/pkg/BILLS-115hr1926ih/xml/BILLS-115hr1926ih.xml,,,,,,,,,,,
87,BILLS-115hr4065ih,https://www.govinfo.gov/content/pkg/BILLS-115hr4065ih/xml/BILLS-115hr4065ih.xml,,,,,,,,,,,
88,BILLS-115hr152ih,https://www.govinfo.gov/content/pkg/BILLS-115hr152ih/xml/BILLS-115hr152ih.xml,,,,,,,,,,,
89,BILLS-115sres225is,https://www.govinfo.gov/content/pkg/BILLS-115sres225is/xml/BILLS-115sres225is.xml,,,,,,,,,,,
90,BILLS-115hr5862ih,https://www.govinfo.gov/content/pkg/BILLS-115hr5862ih/xml/BILLS-115hr5862ih.xml,,,,,,,,,,,
91,BILLS-115sres225ats,https://www.govinfo.gov/content/pkg/BILLS-115sres225ats/xml/BILLS-115sres225ats.xml,,,,,,,,,,,
92,BILLS-115hr6765ih,https://www.govinfo.gov/content/pkg/BILLS-115hr6765ih/xml/BILLS-115hr6765ih.xml,,,,,,,,,,,
93,BILLS-115hr5977ih,https://www.govinfo.gov/content/pkg/BILLS-115hr5977ih/xml/BILLS-115hr5977ih.xml,,,,,,,,,,,
94,BILLS-115hres203ih,https://www.govinfo.gov/content/pkg/BILLS-115hres203ih/xml/BILLS-115hres203ih.xml,,,,,,,,,,,
95,BILLS-115hres700ih,https://www.govinfo.gov/content/pkg/BILLS-115hres700ih/xml/BILLS-115hres700ih.xml,,,,,,,,,,,
96,BILLS-115hr684ih,https://www.govinfo.gov/content/pkg/BILLS-115hr684ih/xml/BILLS-115hr684ih.xml,,,,,,,,,,,
97,BILLS-115hres936ih,https://www.govinfo.gov/content/pkg/BILLS-115hres936ih/xml/BILLS-115hres936ih.xml,,,,,,,,,,,
98,BILLS-115sres737ats,https://www.govinfo.gov/content/pkg/BILLS-115sres737ats/xml/BILLS-115sres737ats.xml,,,,,,,,,,,
99,BILLS-115hres19ih,https://www.govinfo.gov/content/pkg/BILLS-115hres19ih/xml/BILLS-115hres19ih.xml,,,,,,,,,,,
100,BILLS-115hres975ih,https://www.govinfo.gov/content/pkg/BILLS-115hres975ih/xml/BILLS-115hres975ih.xml,,,,,,,,,,,
101,BILLS-115hr6637ih,https://www.govinfo.gov/content/pkg/BILLS-115hr6637ih/xml/BILLS-115hr6637ih.xml,,,,,,,,,,,
102,BILLS-115s3651is,https://www.govinfo.gov/content/pkg/BILLS-115s3651is/xml/BILLS-115s3651is.xml,,,,,,,,,,,
103,BILLS-115s2658is,https://www.govinfo.gov/content/pkg/BILLS-115s2658is/xml/BILLS-115s2658is.xml,,,,,,,,,,,
104,BILLS-115hr6279ih,https://www.govinfo.gov/content/pkg/BILLS-115hr6279ih/xml/BILLS-115hr6279ih.xml,,,,,,,,,,,
105,BILLS-115s2462is,https://www.govinfo.gov/content/pkg/BILLS-115s2462is/xml/BILLS-115s2462is.xml,,,,,,,,,,,
106,BILLS-115hr3517ih,https://www.govinfo.gov/content/pkg/BILLS-115hr3517ih/xml/BILLS-115hr3517ih.xml,,,,,,,,,,,
107,BILLS-115hr1927ih,https://www.govinfo.gov/content/pkg/BILLS-115hr1927ih/xml/BILLS-115hr1927ih.xml,,,,,,,,,,,
108,BILLS-115hres656ih,https://www.govinfo.gov/content/pkg/BILLS-115hres656ih/xml/BILLS-115hres656ih.xml,,,,,,,,,,,
109,BILLS-115hres94ih,https://www.govinfo.gov/content/pkg/BILLS-115hres94ih/xml/BILLS-115hres94ih.xml,,,,,,,,,,,
110,BILLS-115hres1126ih,https://www.govinfo.gov/content/pkg/BILLS-115hres1126ih/xml/BILLS-115hres1126ih.xml,,,,,,,,,,,
111,BILLS-115hres948ih,https://www.govinfo.gov/content/pkg/BILLS-115hres948ih/xml/BILLS-115hres948ih.xml,,,,,,,,,,,
112,BILLS-115sres547ats,https://www.govinfo.gov/content/pkg/BILLS-115sres547ats/xml/BILLS-115sres547ats.xml,,,,,,,,,,,
113,BILLS-115s3178es,https://www.govinfo.gov/content/pkg/BILLS-115s3178es/xml/BILLS-115s3178es.xml,,,,,,,,,,,
114,BILLS-115hr6495ih,https://www.govinfo.gov/content/pkg/BILLS-115hr6495ih/xml/BILLS-115hr6495ih.xml,,,,,,,,,,,
115,BILLS-115sres144is,https://www.govinfo.gov/content/pkg/BILLS-115sres144is/xml/BILLS-115sres144is.xml,,,,,,,,,,,
116,BILLS-115s3039is,https://www.govinfo.gov/content/pkg/BILLS-115s3039is/xml/BILLS-115s3039is.xml,,,,,,,,,,,
117,BILLS-115hr735ih,https://www.govinfo.gov/content/pkg/BILLS-115hr735ih/xml/BILLS-115hr735ih.xml,,,,,,,,,,,
118,BILLS-115hr5991ih,https://www.govinfo.gov/content/pkg/BILLS-115hr5991ih/xml/BILLS-115hr5991ih.xml,,,,,,,,,,,
119,BILLS-115s2832is,https://www.govinfo.gov/content/pkg/BILLS-115s2832is/xml/BILLS-115s2832is.xml,,,,,,,,,,,
120,BILLS-115hr1222rs,https://www.govinfo.gov/content/pkg/BILLS-115hr1222rs/xml/BILLS-115hr1222rs.xml,,,,,,,,,,,
121,BILLS-115sres459is,https://www.govinfo.gov/content/pkg/BILLS-115sres459is/xml/BILLS-115sres459is.xml,,,,,,,,,,,
122,BILLS-115sres576is,https://www.govinfo.gov/content/pkg/BILLS-115sres576is/xml/BILLS-115sres576is.xml,,,,,,,,,,,
123,BILLS-115hres386ih,https://www.govinfo.gov/content/pkg/BILLS-115hres386ih/xml/BILLS-115hres386ih.xml,,,,,,,,,,,
124,BILLS-115hr6464ih,https://www.govinfo.gov/content/pkg/BILLS-115hr6464ih/xml/BILLS-115hr6464ih.xml,,,,,,,,,,,
125,BILLS-115hres130ih,https://www.govinfo.gov/content/pkg/BILLS-115hres130ih/xml/BILLS-115hres130ih.xml,,,,,,,,,,,
126,BILLS-115hres925ih,https://www.govinfo.gov/content/pkg/BILLS-115hres925ih/xml/BILLS-115hres925ih.xml,,,,,,,,,,,
127,BILLS-115sres214ats,https://www.govinfo.gov/content/pkg/BILLS-115sres214ats/xml/BILLS-115sres214ats.xml,,,,,,,,,,,
128,BILLS-115hr5028ih,https://www.govinfo.gov/content/pkg/BILLS-115hr5028ih/xml/BILLS-115hr5028ih.xml,,,,,,,,,,,
129,BILLS-115hres297ih,https://www.govinfo.gov/content/pkg/BILLS-115hres297ih/xml/BILLS-115hres297ih.xml,,,,,,,,,,,
130,BILLS-115sres128ats,https://www.govinfo.gov/content/pkg/BILLS-115sres128ats/xml/BILLS-115sres128ats.xml,,,,,,,,,,,
131,BILLS-115sres128is,https://www.govinfo.gov/content/pkg/BILLS-115sres128is/xml/BILLS-115sres128is.xml,,,,,,,,,,,
132,BILLS-115sres576ats,https://www.govinfo.gov/content/pkg/BILLS-115sres576ats/xml/BILLS-115sres576ats.xml,,,,,,,,,,,
133,BILLS-115hr3676ih,https://www.govinfo.gov/content/pkg/BILLS-115hr3676ih/xml/BILLS-115hr3676ih.xml,,,,,,,,,,,
134,BILLS-115hr2360ih,https://www.govinfo.gov/content/pkg/BILLS-115hr2360ih/xml/BILLS-115hr2360ih.xml,,,,,,,,,,,
135,BILLS-115sres390ats,https://www.govinfo.gov/content/pkg/BILLS-115sres390ats/xml/BILLS-115sres390ats.xml,,,,,,,,,,,
136,BILLS-115sres72is,https://www.govinfo.gov/content/pkg/BILLS-115sres72is/xml/BILLS-115sres72is.xml,,,,,,,,,,,
137,BILLS-115sres214is,https://www.govinfo.gov/content/pkg/BILLS-115sres214is/xml/BILLS-115sres214is.xml,,,,,,,,,,,
138,BILLS-115hres158ih,https://www.govinfo.gov/content/pkg/BILLS-115hres158ih/xml/BILLS-115hres158ih.xml,,,,,,,,,,,
139,BILLS-115hres428ih,https://www.govinfo.gov/content/pkg/BILLS-115hres428ih/xml/BILLS-115hres428ih.xml,,,,,,,,,,,
140,BILLS-115hr1222enr,https://www.govinfo.gov/content/pkg/BILLS-115hr1222enr/xml/BILLS-115hr1222enr.xml,,,,,,,,,,,
141,BILLS-115hr266ih,https://www.govinfo.gov/content/pkg/BILLS-115hr266ih/xml/BILLS-115hr266ih.xml,,,,,,,,,,,
142,BILLS-115s2454is,https://www.govinfo.gov/content/pkg/BILLS-115s2454is/xml/BILLS-115s2454is.xml,,,,,,,,,,,
143,BILLS-115sres508is,https://www.govinfo.gov/content/pkg/BILLS-115sres508is/xml/BILLS-115sres508is.xml,,,,,,,,,,,
144,BILLS-115hr5206rs,https://www.govinfo.gov/content/pkg/BILLS-115hr5206rs/xml/BILLS-115hr5206rs.xml,,,,,,,,,,,
145,BILLS-115sres41ats,https://www.govinfo.gov/content/pkg/BILLS-115sres41ats/xml/BILLS-115sres41ats.xml,,,,,,,,,,,
146,BILLS-115s1570is,https://www.govinfo.gov/content/pkg/BILLS-115s1570is/xml/BILLS-115s1570is.xml,,,,,,,,,,,
147,BILLS-115hr2590ih,https://www.govinfo.gov/content/pkg/BILLS-115hr2590ih/xml/BILLS-115hr2590ih.xml,,,,,,,,,,,
148,BILLS-115hr5292ih,https://www.govinfo.gov/content/pkg/BILLS-115hr5292ih/xml/BILLS-115hr5292ih.xml,,,,,,,,,,,
149,BILLS-115hr1222eas,https://www.govinfo.gov/content/pkg/BILLS-115hr1222eas/xml/BILLS-115hr1222eas.xml,,,,,,,,,,,
150,BILLS-115hres558ih,https://www.govinfo.gov/content/pkg/BILLS-115hres558ih/xml/BILLS-115hres558ih.xml,,,,,,,,,,,
151,BILLS-115hres713ih,https://www.govinfo.gov/content/pkg/BILLS-115hres713ih/xml/BILLS-115hres713ih.xml,,,,,,,,,,,
152,BILLS-115hr2650ih,https://www.govinfo.gov/content/pkg/BILLS-115hr2650ih/xml/BILLS-115hr2650ih.xml,,,,,,,,,,,
153,BILLS-115s443is,https://www.govinfo.gov/content/pkg/BILLS-115s443is/xml/BILLS-115s443is.xml,,,,,,,,,,,
154,BILLS-115hjres95ih,https://www.govinfo.gov/content/pkg/BILLS-115hjres95ih/xml/BILLS-115hjres95ih.xml,,,,,,,,,,,
155,BILLS-115hres818ih,https://www.govinfo.gov/content/pkg/BILLS-115hres818ih/xml/BILLS-115hres818ih.xml,,,,,,,,,,,
156,BILLS-115hr5197rfs,https://www.govinfo.gov/content/pkg/BILLS-115hr5197rfs/xml/BILLS-115hr5197rfs.xml,,,,,,,,,,,
157,BILLS-115hr411ih,https://www.govinfo.gov/content/pkg/BILLS-115hr411ih/xml/BILLS-115hr411ih.xml,,,,,,,,,,,
158,BILLS-115s3372is,https://www.govinfo.gov/content/pkg/BILLS-115s3372is/xml/BILLS-115s3372is.xml,,,,,,,,,,,
159,BILLS-115hr5197eh,https://www.govinfo.gov/content/pkg/BILLS-115hr5197eh/xml/BILLS-115hr5197eh.xml,,,,,,,,,,,
160,BILLS-115hres406ih,https://www.govinfo.gov/content/pkg/BILLS-115hres406ih/xml/BILLS-115hres406ih.xml,,,,,,,,,,,
161,BILLS-115sres439is,https://www.govinfo.gov/content/pkg/BILLS-115sres439is/xml/BILLS-115sres439is.xml,,,,,,,,,,,
162,BILLS-115hres176ih,https://www.govinfo.gov/content/pkg/BILLS-115hres176ih/xml/BILLS-115hres176ih.xml,,,,,,,,,,,
163,BILLS-115hr3636ih,https://www.govinfo.gov/content/pkg/BILLS-115hr3636ih/xml/BILLS-115hr3636ih.xml,,,,,,,,,,,
164,BILLS-115s1694is,https://www.govinfo.gov/content/pkg/BILLS-115s1694is/xml/BILLS-115s1694is.xml,,,,,,,,,,,
165,BILLS-115hr5761ih,https://www.govinfo.gov/content/pkg/BILLS-115hr5761ih/xml/BILLS-115hr5761ih.xml,,,,,,,,,,,
166,BILLS-115hjres19ih,https://www.govinfo.gov/content/pkg/BILLS-115hjres19ih/xml/BILLS-115hjres19ih.xml,,,,,,,,,,,
167,BILLS-115hr1222rfs,https://www.govinfo.gov/content/pkg/BILLS-115hr1222rfs/xml/BILLS-115hr1222rfs.xml,,,,,,,,,,,
168,BILLS-115hr1222eh,https://www.govinfo.gov/content/pkg/BILLS-115hr1222eh/xml/BILLS-115hr1222eh.xml,,,,,,,,,,,
169,BILLS-115hr6101ih,https://www.govinfo.gov/content/pkg/BILLS-115hr6101ih/xml/BILLS-115hr6101ih.xml,,,,,,,,,,,
170,BILLS-115hr2486ih,https://www.govinfo.gov/content/pkg/BILLS-115hr2486ih/xml/BILLS-115hr2486ih.xml,,,,,,,,,,,
171,BILLS-115hres926ih,https://www.govinfo.gov/content/pkg/BILLS-115hres926ih/xml/BILLS-115hres926ih.xml,,,,,,,,,,,
172,BILLS-115sres569is,https://www.govinfo.gov/content/pkg/BILLS-115sres569is/xml/BILLS-115sres569is.xml,,,,,,,,,,,
173,BILLS-115hres144ih,https://www.govinfo.gov/content/pkg/BILLS-115hres144ih/xml/BILLS-115hres144ih.xml,,,,,,,,,,,
174,BILLS-115sres322is,https://www.govinfo.gov/content/pkg/BILLS-115sres322is/xml/BILLS-115sres322is.xml,,,,,,,,,,,
175,BILLS-115hres751ih,https://www.govinfo.gov/content/pkg/BILLS-115hres751ih/xml/BILLS-115hres751ih.xml,,,,,,,,,,,
176,BILLS-115sres403ats,https://www.govinfo.gov/content/pkg/BILLS-115sres403ats/xml/BILLS-115sres403ats.xml,,,,,,,,,,,
177,BILLS-115hr6659ih,https://www.govinfo.gov/content/pkg/BILLS-115hr6659ih/xml/BILLS-115hr6659ih.xml,,,,,,,,,,,
178,BILLS-115hres79ih,https://www.govinfo.gov/content/pkg/BILLS-115hres79ih/xml/BILLS-115hres79ih.xml,,,,,,,,,,,
179,BILLS-115sres131is,https://www.govinfo.gov/content/pkg/BILLS-115sres131is/xml/BILLS-115sres131is.xml,,,,,,,,,,,
180,BILLS-115sres131ats,https://www.govinfo.gov/content/pkg/BILLS-115sres131ats/xml/BILLS-115sres131ats.xml,,,,,,,,,,,
181,BILLS-115s1653is,https://www.govinfo.gov/content/pkg/BILLS-115s1653is/xml/BILLS-115s1653is.xml,,,,,,,,,,,
182,BILLS-115s1606is,https://www.govinfo.gov/content/pkg/BILLS-115s1606is/xml/BILLS-115s1606is.xml,,,,,,,,,,,
183,BILLS-115sres77ats,https://www.govinfo.gov/content/pkg/BILLS-115sres77ats/xml/BILLS-115sres77ats.xml,,,,,,,,,,,
184,BILLS-115hres941ih,https://www.govinfo.gov/content/pkg/BILLS-115hres941ih/xml/BILLS-115hres941ih.xml,,,,,,,,,,,
185,BILLS-115hr1533ih,https://www.govinfo.gov/content/pkg/BILLS-115hr1533ih/xml/BILLS-115hr1533ih.xml,,,,,,,,,,,
186,BILLS-115hr3273ih,https://www.govinfo.gov/content/pkg/BILLS-115hr3273ih/xml/BILLS-115hr3273ih.xml,,,,,,,,,,,
187,BILLS-115sres552is,https://www.govinfo.gov/content/pkg/BILLS-115sres552is/xml/BILLS-115sres552is.xml,,,,,,,,,,,
188,BILLS-115hr2826ih,https://www.govinfo.gov/content/pkg/BILLS-115hr2826ih/xml/BILLS-115hr2826ih.xml,,,,,,,,,,,
189,BILLS-115s1999is,https://www.govinfo.gov/content/pkg/BILLS-115s1999is/xml/BILLS-115s1999is.xml,,,,,,,,,,,
190,BILLS-115hres758ih,https://www.govinfo.gov/content/pkg/BILLS-115hres758ih/xml/BILLS-115hres758ih.xml,,,,,,,,,,,
191,BILLS-115hr2365ih,https://www.govinfo.gov/content/pkg/BILLS-115hr2365ih/xml/BILLS-115hr2365ih.xml,,,,,,,,,,,
192,BILLS-115s3776is,https://www.govinfo.gov/content/pkg/BILLS-115s3776is/xml/BILLS-115s3776is.xml,,,,,,,,,,,
193,BILLS-115hres1004ih,https://www.govinfo.gov/content/pkg/BILLS-115hres1004ih/xml/BILLS-115hres1004ih.xml,,,,,,,,,,,
194,BILLS-115hr7103ih,https://www.govinfo.gov/content/pkg/BILLS-115hr7103ih/xml/BILLS-115hr7103ih.xml,,,,,,,,,,,
195,BILLS-115hr1498ih,https://www.govinfo.gov/content/pkg/BILLS-115hr1498ih/xml/BILLS-115hr1498ih.xml,,,,,,,,,,,
196,BILLS-115hconres25ih,https://www.govinfo.gov/content/pkg/BILLS-115hconres25ih/xml/BILLS-115hconres25ih.xml,,,,,,,,,,,
197,BILLS-115sres45ats,https://www.govinfo.gov/content/pkg/BILLS-115sres45ats/xml/BILLS-115sres45ats.xml,,,,,,,,,,,
198,BILLS-115hr3658ih,https://www.govinfo.gov/content/pkg/BILLS-115hr3658ih/xml/BILLS-115hr3658ih.xml,,,,,,,,,,,
199,BILLS-115s3018is,https://www.govinfo.gov/content/pkg/BILLS-115s3018is/xml/BILLS-115s3018is.xml,,,,,,,,,,,
200,BILLS-115hres869ih,https://www.govinfo.gov/content/pkg/BILLS-115hres869ih/xml/BILLS-115hres869ih.xml,,,,,,,,,,,
201,BILLS-115hres463ih,https://www.govinfo.gov/content/pkg/BILLS-115hres463ih/xml/BILLS-115hres463ih.xml,,,,,,,,,,,
202,BILLS-115sres413ats,https://www.govinfo.gov/content/pkg/BILLS-115sres413ats/xml/BILLS-115sres413ats.xml,,,,,,,,,,,
203,BILLS-115hr1648ih,https://www.govinfo.gov/content/pkg/BILLS-115hr1648ih/xml/BILLS-115hr1648ih.xml,,,,,,,,,,,
204,BILLS-115s3082is,https://www.govinfo.gov/content/pkg/BILLS-115s3082is/xml/BILLS-115s3082is.xml,,,,,,,,,,,
205,BILLS-115s3308is,https://www.govinfo.gov/content/pkg/BILLS-115s3308is/xml/BILLS-115s3308is.xml,,,,,,,,,,,
206,BILLS-115sres45is,https://www.govinfo.gov/content/pkg/BILLS-115sres45is/xml/BILLS-115sres45is.xml,,,,,,,,,,,
207,BILLS-115hr3590ih,https://www.govinfo.gov/content/pkg/BILLS-115hr3590ih/xml/BILLS-115hr3590ih.xml,,,,,,,,,,,
208,BILLS-115s411is,https://www.govinfo.gov/content/pkg/BILLS-115s411is/xml/BILLS-115s411is.xml,,,,,,,,,,,
209,BILLS-115hr630ih,https://www.govinfo.gov/content/pkg/BILLS-115hr630ih/xml/BILLS-115hr630ih.xml,,,,,,,,,,,
210,BILLS-115hr2365rh,https://www.govinfo.gov/content/pkg/BILLS-115hr2365rh/xml/BILLS-115hr2365rh.xml,,,,,,,,,,,
211,BILLS-115hr7136ih,https://www.govinfo.gov/content/pkg/BILLS-115hr7136ih/xml/BILLS-115hr7136ih.xml,,,,,,,,,,,
212,BILLS-115hconres44ih,https://www.govinfo.gov/content/pkg/BILLS-115hconres44ih/xml/BILLS-115hconres44ih.xml,,,,,,,,,,,
213,BILLS-115hres863ih,https://www.govinfo.gov/content/pkg/BILLS-115hres863ih/xml/BILLS-115hres863ih.xml,,,,,,,,,,,
214,BILLS-115hconres9ih,https://www.govinfo.gov/content/pkg/BILLS-115hconres9ih/xml/BILLS-115hconres9ih.xml,,,,,,,,,,,
215,BILLS-115hconres117ih,https://www.govinfo.gov/content/pkg/BILLS-115hconres117ih/xml/BILLS-115hconres117ih.xml,,,,,,,,,,,
216,BILLS-115hres143ih,https://www.govinfo.gov/content/pkg/BILLS-115hres143ih/xml/BILLS-115hres143ih.xml,,,,,,,,,,,
217,BILLS-115hr3602ih,https://www.govinfo.gov/content/pkg/BILLS-115hr3602ih/xml/BILLS-115hr3602ih.xml,,,,,,,,,,,
218,BILLS-115hconres74ih,https://www.govinfo.gov/content/pkg/BILLS-115hconres74ih/xml/BILLS-115hconres74ih.xml,,,,,,,,,,,
219,BILLS-115hres155ih,https://www.govinfo.gov/content/pkg/BILLS-115hres155ih/xml/BILLS-115hres155ih.xml,,,,,,,,,,,
220,BILLS-115hr6148ih,https://www.govinfo.gov/content/pkg/BILLS-115hr6148ih/xml/BILLS-115hr6148ih.xml,,,,,,,,,,,
221,BILLS-115hr6795ih,https://www.govinfo.gov/content/pkg/BILLS-115hr6795ih/xml/BILLS-115hr6795ih.xml,,,,,,,,,,,
222,BILLS-115hr5510ih,https://www.govinfo.gov/content/pkg/BILLS-115hr5510ih/xml/BILLS-115hr5510ih.xml,,,,,,,,,,,
223,BILLS-115hr5824ih,https://www.govinfo.gov/content/pkg/BILLS-115hr5824ih/xml/BILLS-115hr5824ih.xml,,,,,,,,,,,
224,BILLS-115s2754is,https://www.govinfo.gov/content/pkg/BILLS-115s2754is/xml/BILLS-115s2754is.xml,,,,,,,,,,,
225,BILLS-115s2839is,https://www.govinfo.gov/content/pkg/BILLS-115s2839is/xml/BILLS-115s2839is.xml,,,,,,,,,,,
226,BILLS-115s2591is,https://www.govinfo.gov/content/pkg/BILLS-115s2591is/xml/BILLS-115s2591is.xml,,,,,,,,,,,
227,BILLS-115hr7320ih,https://www.govinfo.gov/content/pkg/BILLS-115hr7320ih/xml/BILLS-115hr7320ih.xml,,,,,,,,,,,
228,BILLS-115hr1222ih,https://www.govinfo.gov/content/pkg/BILLS-115hr1222ih/xml/BILLS-115hr1222ih.xml,,,,,,,,,,,
229,BILLS-115hr1222rh,https://www.govinfo.gov/content/pkg/BILLS-115hr1222rh/xml/BILLS-115hr1222rh.xml,,,,,,,,,,,
230,BILLS-115hr3980ih,https://www.govinfo.gov/content/pkg/BILLS-115hr3980ih/xml/BILLS-115hr3980ih.xml,,,,,,,,,,,
231,BILLS-115s1324is,https://www.govinfo.gov/content/pkg/BILLS-115s1324is/xml/BILLS-115s1324is.xml,,,,,,,,,,,
232,BILLS-115hr5197ih,https://www.govinfo.gov/content/pkg/BILLS-115hr5197ih/xml/BILLS-115hr5197ih.xml,,,,,,,,,,,
233,BILLS-115hconres41ih,https://www.govinfo.gov/content/pkg/BILLS-115hconres41ih/xml/BILLS-115hconres41ih.xml,,,,,,,,,,,
234,BILLS-115hr2841ih,https://www.govinfo.gov/content/pkg/BILLS-115hr2841ih/xml/BILLS-115hr2841ih.xml,,,,,,,,,,,
235,BILLS-115sres69ats,https://www.govinfo.gov/content/pkg/BILLS-115sres69ats/xml/BILLS-115sres69ats.xml,,,,,,,,,,,
236,BILLS-115s477is,https://www.govinfo.gov/content/pkg/BILLS-115s477is/xml/BILLS-115s477is.xml,,,,,,,,,,,
237,BILLS-115s2516is,https://www.govinfo.gov/content/pkg/BILLS-115s2516is/xml/BILLS-115s2516is.xml,,,,,,,,,,,
238,BILLS-115sres559is,https://www.govinfo.gov/content/pkg/BILLS-115sres559is/xml/BILLS-115sres559is.xml,,,,,,,,,,,
239,BILLS-115hr1853ih,https://www.govinfo.gov/content/pkg/BILLS-115hr1853ih/xml/BILLS-115hr1853ih.xml,,,,,,,,,,,
240,BILLS-115sres212is,https://www.govinfo.gov/content/pkg/BILLS-115sres212is/xml/BILLS-115sres212is.xml,,,,,,,,,,,
241,BILLS-115hr3123ih,https://www.govinfo.gov/content/pkg/BILLS-115hr3123ih/xml/BILLS-115hr3123ih.xml,,,,,,,,,,,
242,BILLS-115sres563is,https://www.govinfo.gov/content/pkg/BILLS-115sres563is/xml/BILLS-115sres563is.xml,,,,,,,,,,,
243,BILLS-115hres820ih,https://www.govinfo.gov/content/pkg/BILLS-115hres820ih/xml/BILLS-115hres820ih.xml,,,,,,,,,,,
244,BILLS-115s537is,https://www.govinfo.gov/content/pkg/BILLS-115s537is/xml/BILLS-115s537is.xml,,,,,,,,,,,
245,BILLS-115hr697eh,https://www.govinfo.gov/content/pkg/BILLS-115hr697eh/xml/BILLS-115hr697eh.xml,,,,,,,,,,,
246,BILLS-115hr5193ih,https://www.govinfo.gov/content/pkg/BILLS-115hr5193ih/xml/BILLS-115hr5193ih.xml,,,,,,,,,,,
247,BILLS-115s166is,https://www.govinfo.gov/content/pkg/BILLS-115s166is/xml/BILLS-115s166is.xml,,,,,,,,,,,
248,BILLS-115hr970ih,https://www.govinfo.gov/content/pkg/BILLS-115hr970ih/xml/BILLS-115hr970ih.xml,,,,,,,,,,,
249,BILLS-115hres974ih,https://www.govinfo.gov/content/pkg/BILLS-115hres974ih/xml/BILLS-115hres974ih.xml,,,,,,,,,,,
250,BILLS-115hr697ih,https://www.govinfo.gov/content/pkg/BILLS-115hr697ih/xml/BILLS-115hr697ih.xml,,,,,,,,,,,
251,BILLS-115hr5072ih,https://www.govinfo.gov/content/pkg/BILLS-115hr5072ih/xml/BILLS-115hr5072ih.xml,,,,,,,,,,,
252,BILLS-115hr697rfs,https://www.govinfo.gov/content/pkg/BILLS-115hr697rfs/xml/BILLS-115hr697rfs.xml,,,,,,,,,,,
253,BILLS-115s235is,https://www.govinfo.gov/content/pkg/BILLS-115s235is/xml/BILLS-115s235is.xml,,,,,,,,,,,
254,BILLS-115hr579ih,https://www.govinfo.gov/content/pkg/BILLS-115hr579ih/xml/BILLS-115hr579ih.xml,,,,,,,,,,,
255,BILLS-115s1050rfh,https://www.govinfo.gov/content/pkg/BILLS-115s1050rfh/xml/BILLS-115s1050rfh.xml,,,,,,,,,,,
256,BILLS-115s1050enr,https://www.govinfo.gov/content/pkg/BILLS-115s1050enr/xml/BILLS-115s1050enr.xml,,,,,,,,,,,
257,BILLS-115s2275is,https://www.govinfo.gov/content/pkg/BILLS-115s2275is/xml/BILLS-115s2275is.xml,,,,,,,,,,,
258,BILLS-115hr7214ih,https://www.govinfo.gov/content/pkg/BILLS-115hr7214ih/xml/BILLS-115hr7214ih.xml,,,,,,,,,,,
259,BILLS-115hr691ih,https://www.govinfo.gov/content/pkg/BILLS-115hr691ih/xml/BILLS-115hr691ih.xml,,,,,,,,,,,
260,BILLS-115s1050es,https://www.govinfo.gov/content/pkg/BILLS-115s1050es/xml/BILLS-115s1050es.xml,,,,,,,,,,,
261,BILLS-115s3195is,https://www.govinfo.gov/content/pkg/BILLS-115s3195is/xml/BILLS-115s3195is.xml,,,,,,,,,,,
262,BILLS-115hr3844ih,https://www.govinfo.gov/content/pkg/BILLS-115hr3844ih/xml/BILLS-115hr3844ih.xml,,,,,,,,,,,
263,BILLS-115hr6383ih,https://www.govinfo.gov/content/pkg/BILLS-115hr6383ih/xml/BILLS-115hr6383ih.xml,,,,,,,,,,,
264,BILLS-115hr5115ih,https://www.govinfo.gov/content/pkg/BILLS-115hr5115ih/xml/BILLS-115hr5115ih.xml,,,,,,,,,,,
265,BILLS-115hr1553ih,https://www.govinfo.gov/content/pkg/BILLS-115hr1553ih/xml/BILLS-115hr1553ih.xml,,,,,,,,,,,
266,BILLS-115hr901ih,https://www.govinfo.gov/content/pkg/BILLS-115hr901ih/xml/BILLS-115hr901ih.xml,,,,,,,,,,,
267,BILLS-115hr7035ih,https://www.govinfo.gov/content/pkg/BILLS-115hr7035ih/xml/BILLS-115hr7035ih.xml,,,,,,,,,,,
268,BILLS-115hr2325ih,https://www.govinfo.gov/content/pkg/BILLS-115hr2325ih/xml/BILLS-115hr2325ih.xml,,,,,,,,,,,
269,BILLS-115hr5001ih,https://www.govinfo.gov/content/pkg/BILLS-115hr5001ih/xml/BILLS-115hr5001ih.xml,,,,,,,,,,,
270,BILLS-115hr1374ih,https://www.govinfo.gov/content/pkg/BILLS-115hr1374ih/xml/BILLS-115hr1374ih.xml,,,,,,,,,,,
271,BILLS-115hr1963ih,https://www.govinfo.gov/content/pkg/BILLS-115hr1963ih/xml/BILLS-115hr1963ih.xml,,,,,,,,,,,
272,BILLS-115s858is,https://www.govinfo.gov/content/pkg/BILLS-115s858is/xml/BILLS-115s858is.xml,,,,,,,,,,,
273,BILLS-115s3660is,https://www.govinfo.gov/content/pkg/BILLS-115s3660is/xml/BILLS-115s3660is.xml,,,,,,,,,,,
274,BILLS-115s329is,https://www.govinfo.gov/content/pkg/BILLS-115s329is/xml/BILLS-115s329is.xml,,,,,,,,,,,
275,BILLS-115hr7345ih,https://www.govinfo.gov/content/pkg/BILLS-115hr7345ih/xml/BILLS-115hr7345ih.xml,,,,,,,,,,,
276,BILLS-115hr4184ih,https://www.govinfo.gov/content/pkg/BILLS-115hr4184ih/xml/BILLS-115hr4184ih.xml,,,,,,,,,,,
277,BILLS-115hr4130ih,https://www.govinfo.gov/content/pkg/BILLS-115hr4130ih/xml/BILLS-115hr4130ih.xml,,,,,,,,,,,
278,BILLS-115hr2161ih,https://www.govinfo.gov/content/pkg/BILLS-115hr2161ih/xml/BILLS-115hr2161ih.xml,,,,,,,,,,,
279,BILLS-115s3076is,https://www.govinfo.gov/content/pkg/BILLS-115s3076is/xml/BILLS-115s3076is.xml,,,,,,,,,,,
280,BILLS-115sres404ats,https://www.govinfo.gov/content/pkg/BILLS-115sres404ats/xml/BILLS-115sres404ats.xml,,,,,,,,,,,
281,BILLS-115hr1748ih,https://www.govinfo.gov/content/pkg/BILLS-115hr1748ih/xml/BILLS-115hr1748ih.xml,,,,,,,,,,,
282,BILLS-115hr6698ih,https://www.govinfo.gov/content/pkg/BILLS-115hr6698ih/xml/BILLS-115hr6698ih.xml,,,,,,,,,,,
283,BILLS-115sres366is,https://www.govinfo.gov/content/pkg/BILLS-115sres366is/xml/BILLS-115sres366is.xml,,,,,,,,,,,
284,BILLS-115s647is,https://www.govinfo.gov/content/pkg/BILLS-115s647is/xml/BILLS-115s647is.xml,,,,,,,,,,,
285,BILLS-115s1050is,https://www.govinfo.gov/content/pkg/BILLS-115s1050is/xml/BILLS-115s1050is.xml,,,,,,,,,,,
286,BILLS-115hres563ih,https://www.govinfo.gov/content/pkg/BILLS-115hres563ih/xml/BILLS-115hres563ih.xml,,,,,,,,,,,
287,BILLS-115sres404is,https://www.govinfo.gov/content/pkg/BILLS-115sres404is/xml/BILLS-115sres404is.xml,,,,,,,,,,,
288,BILLS-115s2407is,https://www.govinfo.gov/content/pkg/BILLS-115s2407is/xml/BILLS-115s2407is.xml,,,,,,,,,,,
289,BILLS-115hr4152ih,https://www.govinfo.gov/content/pkg/BILLS-115hr4152ih/xml/BILLS-115hr4152ih.xml,,,,,,,,,,,
290,BILLS-115hr5942ih,https://www.govinfo.gov/content/pkg/BILLS-115hr5942ih/xml/BILLS-115hr5942ih.xml,,,,,,,,,,,
291,BILLS-115s2019is,https://www.govinfo.gov/content/pkg/BILLS-115s2019is/xml/BILLS-115s2019is.xml,,,,,,,,,,,
292,BILLS-115hres720ih,https://www.govinfo.gov/content/pkg/BILLS-115hres720ih/xml/BILLS-115hres720ih.xml,,,,,,,,,,,
293,BILLS-115hr6103ih,https://www.govinfo.gov/content/pkg/BILLS-115hr6103ih/xml/BILLS-115hr6103ih.xml,,,,,,,,,,,
294,BILLS-115s788is,https://www.govinfo.gov/content/pkg/BILLS-115s788is/xml/BILLS-115s788is.xml,,,,,,,,,,,
295,BILLS-115hr2358ih,https://www.govinfo.gov/content/pkg/BILLS-115hr2358ih/xml/BILLS-115hr2358ih.xml,,,,,,,,,,,
296,BILLS-115s3363is,https://www.govinfo.gov/content/pkg/BILLS-115s3363is/xml/BILLS-115s3363is.xml,,,,,,,,,,,
297,BILLS-115hr6925ih,https://www.govinfo.gov/content/pkg/BILLS-115hr6925ih/xml/BILLS-115hr6925ih.xml,,,,,,,,,,,
298,BILLS-115hr6336ih,https://www.govinfo.gov/content/pkg/BILLS-115hr6336ih/xml/BILLS-115hr6336ih.xml,,,,,,,,,,,
299,BILLS-115s3117is,https://www.govinfo.gov/content/pkg/BILLS-115s3117is/xml/BILLS-115s3117is.xml,,,,,,,,,,,
300,BILLS-115s1942is,https://www.govinfo.gov/content/pkg/BILLS-115s1942is/xml/BILLS-115s1942is.xml,,,,,,,,,,,
301,BILLS-115s1942rs,https://www.govinfo.gov/content/pkg/BILLS-115s1942rs/xml/BILLS-115s1942rs.xml,,,,,,,,,,,
302,BILLS-115s1270is,https://www.govinfo.gov/content/pkg/BILLS-115s1270is/xml/BILLS-115s1270is.xml,,,,,,,,,,,
303,BILLS-115hr6374rfs,https://www.govinfo.gov/content/pkg/BILLS-115hr6374rfs/xml/BILLS-115hr6374rfs.xml,,,,,,,,,,,
304,BILLS-115hr6374eh,https://www.govinfo.gov/content/pkg/BILLS-115hr6374eh/xml/BILLS-115hr6374eh.xml,,,,,,,,,,,
305,BILLS-115hres132ih,https://www.govinfo.gov/content/pkg/BILLS-115hres132ih/xml/BILLS-115hres132ih.xml,,,,,,,,,,,
306,BILLS-115hr791ih,https://www.govinfo.gov/content/pkg/BILLS-115hr791ih/xml/BILLS-115hr791ih.xml,,,,,,,,,,,
307,BILLS-115s2163is,https://www.govinfo.gov/content/pkg/BILLS-115s2163is/xml/BILLS-115s2163is.xml,,,,,,,,,,,
308,BILLS-115hr4485ih,https://www.govinfo.gov/content/pkg/BILLS-115hr4485ih/xml/BILLS-115hr4485ih.xml,,,,,,,,,,,
309,BILLS-115hr164ih,https://www.govinfo.gov/content/pkg/BILLS-115hr164ih/xml/BILLS-115hr164ih.xml,,,,,,,,,,,
310,BILLS-115hr6374rh,https://www.govinfo.gov/content/pkg/BILLS-115hr6374rh/xml/BILLS-115hr6374rh.xml,,,,,,,,,,,
311,BILLS-115hr2652ih,https://www.govinfo.gov/content/pkg/BILLS-115hr2652ih/xml/BILLS-115hr2652ih.xml,,,,,,,,,,,
312,BILLS-115hr2676ih,https://www.govinfo.gov/content/pkg/BILLS-115hr2676ih/xml/BILLS-115hr2676ih.xml,,,,,,,,,,,
313,BILLS-115hr4576ih,https://www.govinfo.gov/content/pkg/BILLS-115hr4576ih/xml/BILLS-115hr4576ih.xml,,,,,,,,,,,
314,BILLS-115hr2151ih,https://www.govinfo.gov/content/pkg/BILLS-115hr2151ih/xml/BILLS-115hr2151ih.xml,,,,,,,,,,,
315,BILLS-115s954is,https://www.govinfo.gov/content/pkg/BILLS-115s954is/xml/BILLS-115s954is.xml,,,,,,,,,,,
316,BILLS-115s992is,https://www.govinfo.gov/content/pkg/BILLS-115s992is/xml/BILLS-115s992is.xml,,,,,,,,,,,
317,BILLS-115hr7307ih,https://www.govinfo.gov/content/pkg/BILLS-115hr7307ih/xml/BILLS-115hr7307ih.xml,,,,,,,,,,,
318,BILLS-115s1942es,https://www.govinfo.gov/content/pkg/BILLS-115s1942es/xml/BILLS-115s1942es.xml,,,,,,,,,,,
319,BILLS-115hr2653ih,https://www.govinfo.gov/content/pkg/BILLS-115hr2653ih/xml/BILLS-115hr2653ih.xml,,,,,,,,,,,
320,BILLS-115s2722is,https://www.govinfo.gov/content/pkg/BILLS-115s2722is/xml/BILLS-115s2722is.xml,,,,,,,,,,,
321,BILLS-115s1258is,https://www.govinfo.gov/content/pkg/BILLS-115s1258is/xml/BILLS-115s1258is.xml,,,,,,,,,,,
322,BILLS-115s121is,https://www.govinfo.gov/content/pkg/BILLS-115s121is/xml/BILLS-115s121is.xml,,,,,,,,,,,
323,BILLS-115hr3721ih,https://www.govinfo.gov/content/pkg/BILLS-115hr3721ih/xml/BILLS-115hr3721ih.xml,,,,,,,,,,,
324,BILLS-115hr7031ih,https://www.govinfo.gov/content/pkg/BILLS-115hr7031ih/xml/BILLS-115hr7031ih.xml,,,,,,,,,,,
325,BILLS-115hr1570ih,https://www.govinfo.gov/content/pkg/BILLS-115hr1570ih/xml/BILLS-115hr1570ih.xml,,,,,,,,,,,
326,BILLS-115hr1318ih,https://www.govinfo.gov/content/pkg/BILLS-115hr1318ih/xml/BILLS-115hr1318ih.xml,,,,,,,,,,,
327,BILLS-115hr6612ih,https://www.govinfo.gov/content/pkg/BILLS-115hr6612ih/xml/BILLS-115hr6612ih.xml,,,,,,,,,,,
328,BILLS-115hr7262ih,https://www.govinfo.gov/content/pkg/BILLS-115hr7262ih/xml/BILLS-115hr7262ih.xml,,,,,,,,,,,
329,BILLS-115s2829is,https://www.govinfo.gov/content/pkg/BILLS-115s2829is/xml/BILLS-115s2829is.xml,,,,,,,,,,,
330,BILLS-115s827is,https://www.govinfo.gov/content/pkg/BILLS-115s827is/xml/BILLS-115s827is.xml,,,,,,,,,,,
331,BILLS-115s1312is,https://www.govinfo.gov/content/pkg/BILLS-115s1312is/xml/BILLS-115s1312is.xml,,,,,,,,,,,
332,BILLS-115hres1042ih,https://www.govinfo.gov/content/pkg/BILLS-115hres1042ih/xml/BILLS-115hres1042ih.xml,,,,,,,,,,,
333,BILLS-115hr1906ih,https://www.govinfo.gov/content/pkg/BILLS-115hr1906ih/xml/BILLS-115hr1906ih.xml,,,,,,,,,,,
334,BILLS-115s1112is,https://www.govinfo.gov/content/pkg/BILLS-115s1112is/xml/BILLS-115s1112is.xml,,,,,,,,,,,
335,BILLS-115hr5146ih,https://www.govinfo.gov/content/pkg/BILLS-115hr5146ih/xml/BILLS-115hr5146ih.xml,,,,,,,,,,,
336,BILLS-115s3503is,https://www.govinfo.gov/content/pkg/BILLS-115s3503is/xml/BILLS-115s3503is.xml,,,,,,,,,,,
337,BILLS-115s2960is,https://www.govinfo.gov/content/pkg/BILLS-115s2960is/xml/BILLS-115s2960is.xml,,,,,,,,,,,
338,BILLS-115hr391ih,https://www.govinfo.gov/content/pkg/BILLS-115hr391ih/xml/BILLS-115hr391ih.xml,,,,,,,,,,,
339,BILLS-115s3234is,https://www.govinfo.gov/content/pkg/BILLS-115s3234is/xml/BILLS-115s3234is.xml,,,,,,,,,,,
340,BILLS-115hr3493ih,https://www.govinfo.gov/content/pkg/BILLS-115hr3493ih/xml/BILLS-115hr3493ih.xml,,,,,,,,,,,
341,BILLS-115s3543is,https://www.govinfo.gov/content/pkg/BILLS-115s3543is/xml/BILLS-115s3543is.xml,,,,,,,,,,,
342,BILLS-115hr3944ih,https://www.govinfo.gov/content/pkg/BILLS-115hr3944ih/xml/BILLS-115hr3944ih.xml,,,,,,,,,,,
343,BILLS-115hr4918ih,https://www.govinfo.gov/content/pkg/BILLS-115hr4918ih/xml/BILLS-115hr4918ih.xml,,,,,,,,,,,
344,BILLS-115s1918is,https://www.govinfo.gov/content/pkg/BILLS-115s1918is/xml/BILLS-115s1918is.xml,,,,,,,,,,,
345,BILLS-115hr4307ih,https://www.govinfo.gov/content/pkg/BILLS-115hr4307ih/xml/BILLS-115hr4307ih.xml,,,,,,,,,,,
346,BILLS-115s1588is,https://www.govinfo.gov/content/pkg/BILLS-115s1588is/xml/BILLS-115s1588is.xml,,,,,,,,,,,
347,BILLS-115hr7127ih,https://www.govinfo.gov/content/pkg/BILLS-115hr7127ih/xml/BILLS-115hr7127ih.xml,,,,,,,,,,,
348,BILLS-115s1504is,https://www.govinfo.gov/content/pkg/BILLS-115s1504is/xml/BILLS-115s1504is.xml,,,,,,,,,,,
349,BILLS-115s1630is,https://www.govinfo.gov/content/pkg/BILLS-115s1630is/xml/BILLS-115s1630is.xml,,,,,,,,,,,
350,BILLS-115hr2473eh,https://www.govinfo.gov/content/pkg/BILLS-115hr2473eh/xml/BILLS-115hr2473eh.xml,,,,,,,,,,,
351,BILLS-115s2148is,https://www.govinfo.gov/content/pkg/BILLS-115s2148is/xml/BILLS-115s2148is.xml,,,,,,,,,,,
352,BILLS-115hr3381ih,https://www.govinfo.gov/content/pkg/BILLS-115hr3381ih/xml/BILLS-115hr3381ih.xml,,,,,,,,,,,
353,BILLS-115hr2859ih,https://www.govinfo.gov/content/pkg/BILLS-115hr2859ih/xml/BILLS-115hr2859ih.xml,,,,,,,,,,,
354,BILLS-115hr2473rfs,https://www.govinfo.gov/content/pkg/BILLS-115hr2473rfs/xml/BILLS-115hr2473rfs.xml,,,,,,,,,,,
355,BILLS-115s1804is,https://www.govinfo.gov/content/pkg/BILLS-115s1804is/xml/BILLS-115s1804is.xml,,,,,,,,,,,
356,BILLS-115s362is,https://www.govinfo.gov/content/pkg/BILLS-115s362is/xml/BILLS-115s362is.xml,,,,,,,,,,,
357,BILLS-115hr676ih,https://www.govinfo.gov/content/pkg/BILLS-115hr676ih/xml/BILLS-115hr676ih.xml,,,,,,,,,,,
358,BILLS-115hr485ih,https://www.govinfo.gov/content/pkg/BILLS-115hr485ih/xml/BILLS-115hr485ih.xml,,,,,,,,,,,
359,BILLS-115hr5965ih,https://www.govinfo.gov/content/pkg/BILLS-115hr5965ih/xml/BILLS-115hr5965ih.xml,,,,,,,,,,,
360,BILLS-115hr2725ih,https://www.govinfo.gov/content/pkg/BILLS-115hr2725ih/xml/BILLS-115hr2725ih.xml,,,,,,,,,,,
361,BILLS-115hres246ih,https://www.govinfo.gov/content/pkg/BILLS-115hres246ih/xml/BILLS-115hres246ih.xml,,,,,,,,,,,
362,BILLS-115hr7142ih,https://www.govinfo.gov/content/pkg/BILLS-115hr7142ih/xml/BILLS-115hr7142ih.xml,,,,,,,,,,,
363,BILLS-115hr4115ih,https://www.govinfo.gov/content/pkg/BILLS-115hr4115ih/xml/BILLS-115hr4115ih.xml,,,,,,,,,,,
364,BILLS-115hr5374ih,https://www.govinfo.gov/content/pkg/BILLS-115hr5374ih/xml/BILLS-115hr5374ih.xml,,,,,,,,,,,
365,BILLS-115s636is,https://www.govinfo.gov/content/pkg/BILLS-115s636is/xml/BILLS-115s636is.xml,,,,,,,,,,,
366,BILLS-115hr2961ih,https://www.govinfo.gov/content/pkg/BILLS-115hr2961ih/xml/BILLS-115hr2961ih.xml,,,,,,,,,,,
367,BILLS-115hr6677ih,https://www.govinfo.gov/content/pkg/BILLS-115hr6677ih/xml/BILLS-115hr6677ih.xml,,,,,,,,,,,
368,BILLS-115hr6669ih,https://www.govinfo.gov/content/pkg/BILLS-115hr6669ih/xml/BILLS-115hr6669ih.xml,,,,,,,,,,,
369,BILLS-115s2584is,https://www.govinfo.gov/content/pkg/BILLS-115s2584is/xml/BILLS-115s2584is.xml,,,,,,,,,,,
370,BILLS-115hr1921ih,https://www.govinfo.gov/content/pkg/BILLS-115hr1921ih/xml/BILLS-115hr1921ih.xml,,,,,,,,,,,
371,BILLS-115s2986is,https://www.govinfo.gov/content/pkg/BILLS-115s2986is/xml/BILLS-115s2986is.xml,,,,,,,,,,,
372,BILLS-115hr4957ih,https://www.govinfo.gov/content/pkg/BILLS-115hr4957ih/xml/BILLS-115hr4957ih.xml,,,,,,,,,,,
373,BILLS-115s2387is,https://www.govinfo.gov/content/pkg/BILLS-115s2387is/xml/BILLS-115s2387is.xml,,,,,,,,,,,
374,BILLS-115s3588is,https://www.govinfo.gov/content/pkg/BILLS-115s3588is/xml/BILLS-115s3588is.xml,,,,,,,,,,,
375,BILLS-115hr1924ih,https://www.govinfo.gov/content/pkg/BILLS-115hr1924ih/xml/BILLS-115hr1924ih.xml,,,,,,,,,,,
376,BILLS-115hr1516ih,https://www.govinfo.gov/content/pkg/BILLS-115hr1516ih/xml/BILLS-115hr1516ih.xml,,,,,,,,,,,
377,BILLS-115hr895ih,https://www.govinfo.gov/content/pkg/BILLS-115hr895ih/xml/BILLS-115hr895ih.xml,,,,,,,,,,,
378,BILLS-115s185is,https://www.govinfo.gov/content/pkg/BILLS-115s185is/xml/BILLS-115s185is.xml,,,,,,,,,,,
379,BILLS-115s148is,https://www.govinfo.gov/content/pkg/BILLS-115s148is/xml/BILLS-115s148is.xml,,,,,,,,,,,
380,BILLS-115s2159is,https://www.govinfo.gov/content/pkg/BILLS-115s2159is/xml/BILLS-115s2159is.xml,,,,,,,,,,,
381,BILLS-115hr3494ih,https://www.govinfo.gov/content/pkg/BILLS-115hr3494ih/xml/BILLS-115hr3494ih.xml,,,,,,,,,,,
382,BILLS-115hr5710ih,https://www.govinfo.gov/content/pkg/BILLS-115hr5710ih/xml/BILLS-115hr5710ih.xml,,,,,,,,,,,
383,BILLS-115hr5609ih,https://www.govinfo.gov/content/pkg/BILLS-115hr5609ih/xml/BILLS-115hr5609ih.xml,,,,,,,,,,,
384,BILLS-115hr984enr,https://www.govinfo.gov/content/pkg/BILLS-115hr984enr/xml/BILLS-115hr984enr.xml,,,,,,,,,,,
385,BILLS-115s292es,https://www.govinfo.gov/content/pkg/BILLS-115s292es/xml/BILLS-115s292es.xml,,,,,,,,,,,
386,BILLS-115hr1777ih,https://www.govinfo.gov/content/pkg/BILLS-115hr1777ih/xml/BILLS-115hr1777ih.xml,,,,,,,,,,,
387,BILLS-115s766is,https://www.govinfo.gov/content/pkg/BILLS-115s766is/xml/BILLS-115s766is.xml,,,,,,,,,,,
388,BILLS-115hr7068ih,https://www.govinfo.gov/content/pkg/BILLS-115hr7068ih/xml/BILLS-115hr7068ih.xml,,,,,,,,,,,
389,BILLS-115s3608is,https://www.govinfo.gov/content/pkg/BILLS-115s3608is/xml/BILLS-115s3608is.xml,,,,,,,,,,,
390,BILLS-115s292rfh,https://www.govinfo.gov/content/pkg/BILLS-115s292rfh/xml/BILLS-115s292rfh.xml,,,,,,,,,,,
391,BILLS-115s292enr,https://www.govinfo.gov/content/pkg/BILLS-115s292enr/xml/BILLS-115s292enr.xml,,,,,,,,,,,
392,BILLS-115hr4396ih,https://www.govinfo.gov/content/pkg/BILLS-115hr4396ih/xml/BILLS-115hr4396ih.xml,,,,,,,,,,,
393,BILLS-115hr539ih,https://www.govinfo.gov/content/pkg/BILLS-115hr539ih/xml/BILLS-115hr539ih.xml,,,,,,,,,,,
394,BILLS-115hr1510ih,https://www.govinfo.gov/content/pkg/BILLS-115hr1510ih/xml/BILLS-115hr1510ih.xml,,,,,,,,,,,
395,BILLS-115hr984eh,https://www.govinfo.gov/content/pkg/BILLS-115hr984eh/xml/BILLS-115hr984eh.xml,,,,,,,,,,,
396,BILLS-115hr984rfs,https://www.govinfo.gov/content/pkg/BILLS-115hr984rfs/xml/BILLS-115hr984rfs.xml,,,,,,,,,,,
397,BILLS-115s3220is,https://www.govinfo.gov/content/pkg/BILLS-115s3220is/xml/BILLS-115s3220is.xml,,,,,,,,,,,
398,BILLS-115s691rs,https://www.govinfo.gov/content/pkg/BILLS-115s691rs/xml/BILLS-115s691rs.xml,,,,,,,,,,,
399,BILLS-115s1112rs,https://www.govinfo.gov/content/pkg/BILLS-115s1112rs/xml/BILLS-115s1112rs.xml,,,,,,,,,,,
400,BILLS-115s1312rs,https://www.govinfo.gov/content/pkg/BILLS-115s1312rs/xml/BILLS-115s1312rs.xml,,,,,,,,,,,
401,BILLS-115hr3257ih,https://www.govinfo.gov/content/pkg/BILLS-115hr3257ih/xml/BILLS-115hr3257ih.xml,,,,,,,,,,,
402,BILLS-115hr984ih,https://www.govinfo.gov/content/pkg/BILLS-115hr984ih/xml/BILLS-115hr984ih.xml,,,,,,,,,,,
403,BILLS-115s691is,https://www.govinfo.gov/content/pkg/BILLS-115s691is/xml/BILLS-115s691is.xml,,,,,,,,,,,
404,BILLS-115s2598is,https://www.govinfo.gov/content/pkg/BILLS-115s2598is/xml/BILLS-115s2598is.xml,,,,,,,,,,,
405,BILLS-115hr3778ih,https://www.govinfo.gov/content/pkg/BILLS-115hr3778ih/xml/BILLS-115hr3778ih.xml,,,,,,,,,,,
406,BILLS-115hr1673ih,https://www.govinfo.gov/content/pkg/BILLS-115hr1673ih/xml/BILLS-115hr1673ih.xml,,,,,,,,,,,
407,BILLS-115hr5384ih,https://www.govinfo.gov/content/pkg/BILLS-115hr5384ih/xml/BILLS-115hr5384ih.xml,,,,,,,,,,,
408,BILLS-115hr202ih,https://www.govinfo.gov/content/pkg/BILLS-115hr202ih/xml/BILLS-115hr202ih.xml,,,,,,,,,,,
409,BILLS-115hr5153ih,https://www.govinfo.gov/content/pkg/BILLS-115hr5153ih/xml/BILLS-115hr5153ih.xml,,,,,,,,,,,
410,BILLS-115s2571is,https://www.govinfo.gov/content/pkg/BILLS-115s2571is/xml/BILLS-115s2571is.xml,,,,,,,,,,,
411,BILLS-115s1121is,https://www.govinfo.gov/content/pkg/BILLS-115s1121is/xml/BILLS-115s1121is.xml,,,,,,,,,,,
412,BILLS-115hr1635rfs,https://www.govinfo.gov/content/pkg/BILLS-115hr1635rfs/xml/BILLS-115hr1635rfs.xml,,,,,,,,,,,
413,BILLS-115hr1635eh,https://www.govinfo.gov/content/pkg/BILLS-115hr1635eh/xml/BILLS-115hr1635eh.xml,,,,,,,,,,,
414,BILLS-115hr5785ih,https://www.govinfo.gov/content/pkg/BILLS-115hr5785ih/xml/BILLS-115hr5785ih.xml,,,,,,,,,,,
415,BILLS-115s1674is,https://www.govinfo.gov/content/pkg/BILLS-115s1674is/xml/BILLS-115s1674is.xml,,,,,,,,,,,
416,BILLS-115s748is,https://www.govinfo.gov/content/pkg/BILLS-115s748is/xml/BILLS-115s748is.xml,,,,,,,,,,,
417,BILLS-115hr5339ih,https://www.govinfo.gov/content/pkg/BILLS-115hr5339ih/xml/BILLS-115hr5339ih.xml,,,,,,,,,,,
418,BILLS-115hr6618ih,https://www.govinfo.gov/content/pkg/BILLS-115hr6618ih/xml/BILLS-115hr6618ih.xml,,,,,,,,,,,
419,BILLS-115hr2305ih,https://www.govinfo.gov/content/pkg/BILLS-115hr2305ih/xml/BILLS-115hr2305ih.xml,,,,,,,,,,,
420,BILLS-115s2169is,https://www.govinfo.gov/content/pkg/BILLS-115s2169is/xml/BILLS-115s2169is.xml,,,,,,,,,,,
421,BILLS-115s3110is,https://www.govinfo.gov/content/pkg/BILLS-115s3110is/xml/BILLS-115s3110is.xml,,,,,,,,,,,
422,BILLS-115hr6184ih,https://www.govinfo.gov/content/pkg/BILLS-115hr6184ih/xml/BILLS-115hr6184ih.xml,,,,,,,,,,,
423,BILLS-115s2081is,https://www.govinfo.gov/content/pkg/BILLS-115s2081is/xml/BILLS-115s2081is.xml,,,,,,,,,,,
424,BILLS-115hr2434ih,https://www.govinfo.gov/content/pkg/BILLS-115hr2434ih/xml/BILLS-115hr2434ih.xml,,,,,,,,,,,
425,BILLS-115s1312rfh,https://www.govinfo.gov/content/pkg/BILLS-115s1312rfh/xml/BILLS-115s1312rfh.xml,,,,,,,,,,,
426,BILLS-115s3783is,https://www.govinfo.gov/content/pkg/BILLS-115s3783is/xml/BILLS-115s3783is.xml,,,,,,,,,,,
427,BILLS-115hr4479ih,https://www.govinfo.gov/content/pkg/BILLS-115hr4479ih/xml/BILLS-115hr4479ih.xml,,,,,,,,,,,
428,BILLS-115hr4601ih,https://www.govinfo.gov/content/pkg/BILLS-115hr4601ih/xml/BILLS-115hr4601ih.xml,,,,,,,,,,,
429,BILLS-115s3616is,https://www.govinfo.gov/content/pkg/BILLS-115s3616is/xml/BILLS-115s3616is.xml,,,,,,,,,,,
430,BILLS-115hr6805ih,https://www.govinfo.gov/content/pkg/BILLS-115hr6805ih/xml/BILLS-115hr6805ih.xml,,,,,,,,,,,
431,BILLS-115hr4557rh,https://www.govinfo.gov/content/pkg/BILLS-115hr4557rh/xml/BILLS-115hr4557rh.xml,,,,,,,,,,,
432,BILLS-115s1312es,https://www.govinfo.gov/content/pkg/BILLS-115s1312es/xml/BILLS-115s1312es.xml,,,,,,,,,,,
433,BILLS-115hr3828ih,https://www.govinfo.gov/content/pkg/BILLS-115hr3828ih/xml/BILLS-115hr3828ih.xml,,,,,,,,,,,
434,BILLS-115hr2757ih,https://www.govinfo.gov/content/pkg/BILLS-115hr2757ih/xml/BILLS-115hr2757ih.xml,,,,,,,,,,,
435,BILLS-115hr1635ih,https://www.govinfo.gov/content/pkg/BILLS-115hr1635ih/xml/BILLS-115hr1635ih.xml,,,,,,,,,,,
436,BILLS-115hr711ih,https://www.govinfo.gov/content/pkg/BILLS-115hr711ih/xml/BILLS-115hr711ih.xml,,,,,,,,,,,
437,BILLS-115s511is,https://www.govinfo.gov/content/pkg/BILLS-115s511is/xml/BILLS-115s511is.xml,,,,,,,,,,,
438,BILLS-115hr1899ih,https://www.govinfo.gov/content/pkg/BILLS-115hr1899ih/xml/BILLS-115hr1899ih.xml,,,,,,,,,,,
439,BILLS-115s823is,https://www.govinfo.gov/content/pkg/BILLS-115s823is/xml/BILLS-115s823is.xml,,,,,,,,,,,
440,BILLS-115hr3024ih,https://www.govinfo.gov/content/pkg/BILLS-115hr3024ih/xml/BILLS-115hr3024ih.xml,,,,,,,,,,,
441,BILLS-115hr2475ih,https://www.govinfo.gov/content/pkg/BILLS-115hr2475ih/xml/BILLS-115hr2475ih.xml,,,,,,,,,,,
442,BILLS-115hr5017ih,https://www.govinfo.gov/content/pkg/BILLS-115hr5017ih/xml/BILLS-115hr5017ih.xml,,,,,,,,,,,
443,BILLS-115hr6946ih,https://www.govinfo.gov/content/pkg/BILLS-115hr6946ih/xml/BILLS-115hr6946ih.xml,,,,,,,,,,,
444,BILLS-115s1421is,https://www.govinfo.gov/content/pkg/BILLS-115s1421is/xml/BILLS-115s1421is.xml,,,,,,,,,,,
445,BILLS-115s292rs,https://www.govinfo.gov/content/pkg/BILLS-115s292rs/xml/BILLS-115s292rs.xml,,,,,,,,,,,
446,BILLS-115s2994is,https://www.govinfo.gov/content/pkg/BILLS-115s2994is/xml/BILLS-115s2994is.xml,,,,,,,,,,,
447,BILLS-115s2236is,https://www.govinfo.gov/content/pkg/BILLS-115s2236is/xml/BILLS-115s2236is.xml,,,,,,,,,,,
448,BILLS-115hr712ih,https://www.govinfo.gov/content/pkg/BILLS-115hr712ih/xml/BILLS-115hr712ih.xml,,,,,,,,,,,
449,BILLS-115s2689is,https://www.govinfo.gov/content/pkg/BILLS-115s2689is/xml/BILLS-115s2689is.xml,,,,,,,,,,,
450,BILLS-115s819is,https://www.govinfo.gov/content/pkg/BILLS-115s819is/xml/BILLS-115s819is.xml,,,,,,,,,,,
451,BILLS-115s3494is,https://www.govinfo.gov/content/pkg/BILLS-115s3494is/xml/BILLS-115s3494is.xml,,,,,,,,,,,
452,BILLS-115hr2960ih,https://www.govinfo.gov/content/pkg/BILLS-115hr2960ih/xml/BILLS-115hr2960ih.xml,,,,,,,,,,,
453,BILLS-115hr352ih,https://www.govinfo.gov/content/pkg/BILLS-115hr352ih/xml/BILLS-115hr352ih.xml,,,,,,,,,,,
454,BILLS-115hr1869ih,https://www.govinfo.gov/content/pkg/BILLS-115hr1869ih/xml/BILLS-115hr1869ih.xml,,,,,,,,,,,
455,BILLS-115hr1905ih,https://www.govinfo.gov/content/pkg/BILLS-115hr1905ih/xml/BILLS-115hr1905ih.xml,,,,,,,,,,,
456,BILLS-115s756enr,https://www.govinfo.gov/content/pkg/BILLS-115s756enr/xml/BILLS-115s756enr.xml,,,,,,,,,,,
457,BILLS-115hr1468ih,https://www.govinfo.gov/content/pkg/BILLS-115hr1468ih/xml/BILLS-115hr1468ih.xml,,,,,,,,,,,
458,BILLS-115hr47ih,https://www.govinfo.gov/content/pkg/BILLS-115hr47ih/xml/BILLS-115hr47ih.xml,,,,,,,,,,,
459,BILLS-115s842is,https://www.govinfo.gov/content/pkg/BILLS-115s842is/xml/BILLS-115s842is.xml,,,,,,,,,,,
460,BILLS-115hr3773ih,https://www.govinfo.gov/content/pkg/BILLS-115hr3773ih/xml/BILLS-115hr3773ih.xml,,,,,,,,,,,
461,BILLS-115s3747pcs,https://www.govinfo.gov/content/pkg/BILLS-115s3747pcs/xml/BILLS-115s3747pcs.xml,,,,,,,,,,,
462,BILLS-115s756eas,https://www.govinfo.gov/content/pkg/BILLS-115s756eas/xml/BILLS-115s756eas.xml,,,,,,,,,,,
463,BILLS-115s1806is,https://www.govinfo.gov/content/pkg/BILLS-115s1806is/xml/BILLS-115s1806is.xml,,,,,,,,,,,
464,BILLS-115s842rs,https://www.govinfo.gov/content/pkg/BILLS-115s842rs/xml/BILLS-115s842rs.xml,,,,,,,,,,,
465,BILLS-115hr5550ih,https://www.govinfo.gov/content/pkg/BILLS-115hr5550ih/xml/BILLS-115hr5550ih.xml,,,,,,,,,,,
466,BILLS-115hr5878ih,https://www.govinfo.gov/content/pkg/BILLS-115hr5878ih/xml/BILLS-115hr5878ih.xml,,,,,,,,,,,
467,BILLS-115hr5900ih,https://www.govinfo.gov/content/pkg/BILLS-115hr5900ih/xml/BILLS-115hr5900ih.xml,,,,,,,,,,,
468,BILLS-115hr820ih,https://www.govinfo.gov/content/pkg/BILLS-115hr820ih/xml/BILLS-115hr820ih.xml,,,,,,,,,,,
469,BILLS-115s292is,https://www.govinfo.gov/content/pkg/BILLS-115s292is/xml/BILLS-115s292is.xml,,,,,,,,,,,
470,BILLS-115hr6543ih,https://www.govinfo.gov/content/pkg/BILLS-115hr6543ih/xml/BILLS-115hr6543ih.xml,,,,,,,,,,,
471,BILLS-115hr6406ih,https://www.govinfo.gov/content/pkg/BILLS-115hr6406ih/xml/BILLS-115hr6406ih.xml,,,,,,,,,,,
472,BILLS-115s3802is,https://www.govinfo.gov/content/pkg/BILLS-115s3802is/xml/BILLS-115s3802is.xml,,,,,,,,,,,
473,BILLS-115s1312enr,https://www.govinfo.gov/content/pkg/BILLS-115s1312enr/xml/BILLS-115s1312enr.xml,,,,,,,,,,,
474,BILLS-115s1312eah,https://www.govinfo.gov/content/pkg/BILLS-115s1312eah/xml/BILLS-115s1312eah.xml,,,,,,,,,,,
475,BILLS-115s3340is,https://www.govinfo.gov/content/pkg/BILLS-115s3340is/xml/BILLS-115s3340is.xml,,,,,,,,,,,
476,BILLS-115hr3839ih,https://www.govinfo.gov/content/pkg/BILLS-115hr3839ih/xml/BILLS-115hr3839ih.xml,,,,,,,,,,,
477,BILLS-115s2724is,https://www.govinfo.gov/content/pkg/BILLS-115s2724is/xml/BILLS-115s2724is.xml,,,,,,,,,,,
478,BILLS-115hr3440ih,https://www.govinfo.gov/content/pkg/BILLS-115hr3440ih/xml/BILLS-115hr3440ih.xml,,,,,,,,,,,
479,BILLS-115s1615is,https://www.govinfo.gov/content/pkg/BILLS-115s1615is/xml/BILLS-115s1615is.xml,,,,,,,,,,,
480,BILLS-115hr6964enr,https://www.govinfo.gov/content/pkg/BILLS-115hr6964enr/xml/BILLS-115hr6964enr.xml,,,,,,,,,,,
481,BILLS-115hr6964eas,https://www.govinfo.gov/content/pkg/BILLS-115hr6964eas/xml/BILLS-115hr6964eas.xml,,,,,,,,,,,
482,BILLS-115hr6964pcs,https://www.govinfo.gov/content/pkg/BILLS-115hr6964pcs/xml/BILLS-115hr6964pcs.xml,,,,,,,,,,,
483,BILLS-115hr1084ih,https://www.govinfo.gov/content/pkg/BILLS-115hr1084ih/xml/BILLS-115hr1084ih.xml,,,,,,,,,,,
484,BILLS-115hr5040ih,https://www.govinfo.gov/content/pkg/BILLS-115hr5040ih/xml/BILLS-115hr5040ih.xml,,,,,,,,,,,
485,BILLS-115hr6964eh,https://www.govinfo.gov/content/pkg/BILLS-115hr6964eh/xml/BILLS-115hr6964eh.xml,,,,,,,,,,,
486,BILLS-115s1852is,https://www.govinfo.gov/content/pkg/BILLS-115s1852is/xml/BILLS-115s1852is.xml,,,,,,,,,,,
487,BILLS-115s3478is,https://www.govinfo.gov/content/pkg/BILLS-115s3478is/xml/BILLS-115s3478is.xml,,,,,,,,,,,
488,BILLS-115hr5592ih,https://www.govinfo.gov/content/pkg/BILLS-115hr5592ih/xml/BILLS-115hr5592ih.xml,,,,,,,,,,,
489,BILLS-115hr7059ih,https://www.govinfo.gov/content/pkg/BILLS-115hr7059ih/xml/BILLS-115hr7059ih.xml,,,,,,,,,,,
490,BILLS-115hr1809rds,https://www.govinfo.gov/content/pkg/BILLS-115hr1809rds/xml/BILLS-115hr1809rds.xml,,,,,,,,,,,
491,BILLS-115hr1809pcs,https://www.govinfo.gov/content/pkg/BILLS-115hr1809pcs/xml/BILLS-115hr1809pcs.xml,,,,,,,,,,,
492,BILLS-115hr1809ih,https://www.govinfo.gov/content/pkg/BILLS-115hr1809ih/xml/BILLS-115hr1809ih.xml,,,,,,,,,,,
493,BILLS-115hr1809eh,https://www.govinfo.gov/content/pkg/BILLS-115hr1809eh/xml/BILLS-115hr1809eh.xml,,,,,,,,,,,
494,BILLS-115hr1102ih,https://www.govinfo.gov/content/pkg/BILLS-115hr1102ih/xml/BILLS-115hr1102ih.xml,,,,,,,,,,,
495,BILLS-115hr1809rh,https://www.govinfo.gov/content/pkg/BILLS-115hr1809rh/xml/BILLS-115hr1809rh.xml,,,,,,,,,,,
496,BILLS-115hr1111ih,https://www.govinfo.gov/content/pkg/BILLS-115hr1111ih/xml/BILLS-115hr1111ih.xml,,,,,,,,,,,
497,BILLS-115s1437is,https://www.govinfo.gov/content/pkg/BILLS-115s1437is/xml/BILLS-115s1437is.xml,,,,,,,,,,,
498,BILLS-115hr12ih,https://www.govinfo.gov/content/pkg/BILLS-115hr12ih/xml/BILLS-115hr12ih.xml,,,,,,,,,,,
499,BILLS-115s162is,https://www.govinfo.gov/content/pkg/BILLS-115s162is/xml/BILLS-115s162is.xml,,,,,,,,,,,
500,BILLS-115s1631is,https://www.govinfo.gov/content/pkg/BILLS-115s1631is/xml/BILLS-115s1631is.xml,,,,,,,,,,,
501,BILLS-115hr3671ih,https://www.govinfo.gov/content/pkg/BILLS-115hr3671ih/xml/BILLS-115hr3671ih.xml,,,,,,,,,,,
502,BILLS-115hr1537ih,https://www.govinfo.gov/content/pkg/BILLS-115hr1537ih/xml/BILLS-115hr1537ih.xml,,,,,,,,,,,
503,BILLS-115s2158is,https://www.govinfo.gov/content/pkg/BILLS-115s2158is/xml/BILLS-115s2158is.xml,,,,,,,,,,,
504,BILLS-115s337is,https://www.govinfo.gov/content/pkg/BILLS-115s337is/xml/BILLS-115s337is.xml,,,,,,,,,,,
505,BILLS-115s1631rs,https://www.govinfo.gov/content/pkg/BILLS-115s1631rs/xml/BILLS-115s1631rs.xml,,,,,,,,,,,
506,BILLS-115hr4261ih,https://www.govinfo.gov/content/pkg/BILLS-115hr4261ih/xml/BILLS-115hr4261ih.xml,,,,,,,,,,,
507,BILLS-115s3246is,https://www.govinfo.gov/content/pkg/BILLS-115s3246is/xml/BILLS-115s3246is.xml,,,,,,,,,,,
508,BILLS-115hr3474ih,https://www.govinfo.gov/content/pkg/BILLS-115hr3474ih/xml/BILLS-115hr3474ih.xml,,,,,,,,,,,
509,BILLS-115hr5164ih,https://www.govinfo.gov/content/pkg/BILLS-115hr5164ih/xml/BILLS-115hr5164ih.xml,,,,,,,,,,,
510,BILLS-115hr947ih,https://www.govinfo.gov/content/pkg/BILLS-115hr947ih/xml/BILLS-115hr947ih.xml,,,,,,,,,,,
511,BILLS-115hr1000ih,https://www.govinfo.gov/content/pkg/BILLS-115hr1000ih/xml/BILLS-115hr1000ih.xml,,,,,,,,,,,
512,BILLS-115s2199pcs,https://www.govinfo.gov/content/pkg/BILLS-115s2199pcs/xml/BILLS-115s2199pcs.xml,,,,,,,,,,,
513,BILLS-115s1937is,https://www.govinfo.gov/content/pkg/BILLS-115s1937is/xml/BILLS-115s1937is.xml,,,,,,,,,,,
514,BILLS-115hr4796ih,https://www.govinfo.gov/content/pkg/BILLS-115hr4796ih/xml/BILLS-115hr4796ih.xml,,,,,,,,,,,
515,BILLS-115s2367is,https://www.govinfo.gov/content/pkg/BILLS-115s2367is/xml/BILLS-115s2367is.xml,,,,,,,,,,,
516,BILLS-115hr6776rh,https://www.govinfo.gov/content/pkg/BILLS-115hr6776rh/xml/BILLS-115hr6776rh.xml,,,,,,,,,,,
517,BILLS-115hr5841ih,https://www.govinfo.gov/content/pkg/BILLS-115hr5841ih/xml/BILLS-115hr5841ih.xml,,,,,,,,,,,
518,BILLS-115hr5841pcs,https://www.govinfo.gov/content/pkg/BILLS-115hr5841pcs/xml/BILLS-115hr5841pcs.xml,,,,,,,,,,,
519,BILLS-115hr5531ih,https://www.govinfo.gov/content/pkg/BILLS-115hr5531ih/xml/BILLS-115hr5531ih.xml,,,,,,,,,,,
520,BILLS-115hr6134ih,https://www.govinfo.gov/content/pkg/BILLS-115hr6134ih/xml/BILLS-115hr6134ih.xml,,,,,,,,,,,
521,BILLS-115hr5841eh,https://www.govinfo.gov/content/pkg/BILLS-115hr5841eh/xml/BILLS-115hr5841eh.xml,,,,,,,,,,,
522,BILLS-115hr5682rds,https://www.govinfo.gov/content/pkg/BILLS-115hr5682rds/xml/BILLS-115hr5682rds.xml,,,,,,,,,,,
523,BILLS-115hr5682ih,https://www.govinfo.gov/content/pkg/BILLS-115hr5682ih/xml/BILLS-115hr5682ih.xml,,,,,,,,,,,
524,BILLS-115hr5682rh,https://www.govinfo.gov/content/pkg/BILLS-115hr5682rh/xml/BILLS-115hr5682rh.xml,,,,,,,,,,,
525,BILLS-115hr5682eh,https://www.govinfo.gov/content/pkg/BILLS-115hr5682eh/xml/BILLS-115hr5682eh.xml,,,,,,,,,,,
526,BILLS-115s2795is,https://www.govinfo.gov/content/pkg/BILLS-115s2795is/xml/BILLS-115s2795is.xml,,,,,,,,,,,
527,BILLS-115hr6204ih,https://www.govinfo.gov/content/pkg/BILLS-115hr6204ih/xml/BILLS-115hr6204ih.xml,,,,,,,,,,,
528,BILLS-115hr5365ih,https://www.govinfo.gov/content/pkg/BILLS-115hr5365ih/xml/BILLS-115hr5365ih.xml,,,,,,,,,,,
529,BILLS-115s3584is,https://www.govinfo.gov/content/pkg/BILLS-115s3584is/xml/BILLS-115s3584is.xml,,,,,,,,,,,
530,BILLS-115s3649pcs,https://www.govinfo.gov/content/pkg/BILLS-115s3649pcs/xml/BILLS-115s3649pcs.xml,,,,,,,,,,,
531,BILLS-115s1917is,https://www.govinfo.gov/content/pkg/BILLS-115s1917is/xml/BILLS-115s1917is.xml,,,,,,,,,,,
532,BILLS-115hr3057ih,https://www.govinfo.gov/content/pkg/BILLS-115hr3057ih/xml/BILLS-115hr3057ih.xml,,,,,,,,,,,
533,BILLS-115s860es,https://www.govinfo.gov/content/pkg/BILLS-115s860es/xml/BILLS-115s860es.xml,,,,,,,,,,,
534,BILLS-115hr4074ih,https://www.govinfo.gov/content/pkg/BILLS-115hr4074ih/xml/BILLS-115hr4074ih.xml,,,,,,,,,,,
535,BILLS-115s3023pcs,https://www.govinfo.gov/content/pkg/BILLS-115s3023pcs/xml/BILLS-115s3023pcs.xml,,,,,,,,,,,
536,BILLS-115hr2511ih,https://www.govinfo.gov/content/pkg/BILLS-115hr2511ih/xml/BILLS-115hr2511ih.xml,,,,,,,,,,,
537,BILLS-115s860is,https://www.govinfo.gov/content/pkg/BILLS-115s860is/xml/BILLS-115s860is.xml,,,,,,,,,,,
538,BILLS-115s774is,https://www.govinfo.gov/content/pkg/BILLS-115s774is/xml/BILLS-115s774is.xml,,,,,,,,,,,
539,BILLS-115hr1757ih,https://www.govinfo.gov/content/pkg/BILLS-115hr1757ih/xml/BILLS-115hr1757ih.xml,,,,,,,,,,,
540,BILLS-115hr6072rh,https://www.govinfo.gov/content/pkg/BILLS-115hr6072rh/xml/BILLS-115hr6072rh.xml,,,,,,,,,,,
541,BILLS-115hr6237rds,https://www.govinfo.gov/content/pkg/BILLS-115hr6237rds/xml/BILLS-115hr6237rds.xml,,,,,,,,,,,
542,BILLS-115hr6237eh,https://www.govinfo.gov/content/pkg/BILLS-115hr6237eh/xml/BILLS-115hr6237eh.xml,,,,,,,,,,,
543,BILLS-115hr4ih,https://www.govinfo.gov/content/pkg/BILLS-115hr4ih/xml/BILLS-115hr4ih.xml,,,,,,,,,,,
544,BILLS-115s3386is,https://www.govinfo.gov/content/pkg/BILLS-115s3386is/xml/BILLS-115s3386is.xml,,,,,,,,,,,
545,BILLS-115hr3353rh,https://www.govinfo.gov/content/pkg/BILLS-115hr3353rh/xml/BILLS-115hr3353rh.xml,,,,,,,,,,,
546,BILLS-115hr3160ih,https://www.govinfo.gov/content/pkg/BILLS-115hr3160ih/xml/BILLS-115hr3160ih.xml,,,,,,,,,,,
547,BILLS-115hr6545ih,https://www.govinfo.gov/content/pkg/BILLS-115hr6545ih/xml/BILLS-115hr6545ih.xml,,,,,,,,,,,
548,BILLS-115s1655pcs,https://www.govinfo.gov/content/pkg/BILLS-115s1655pcs/xml/BILLS-115s1655pcs.xml,,,,,,,,,,,
549,BILLS-115hr2997ih,https://www.govinfo.gov/content/pkg/BILLS-115hr2997ih/xml/BILLS-115hr2997ih.xml,,,,,,,,,,,
550,BILLS-115hr253ih,https://www.govinfo.gov/content/pkg/BILLS-115hr253ih/xml/BILLS-115hr253ih.xml,,,,,,,,,,,
551,BILLS-115hr59ih,https://www.govinfo.gov/content/pkg/BILLS-115hr59ih/xml/BILLS-115hr59ih.xml,,,,,,,,,,,
552,BILLS-115s2680is,https://www.govinfo.gov/content/pkg/BILLS-115s2680is/xml/BILLS-115s2680is.xml,,,,,,,,,,,
553,BILLS-115hr302enr,https://www.govinfo.gov/content/pkg/BILLS-115hr302enr/xml/BILLS-115hr302enr.xml,,,,,,,,,,,
554,BILLS-115hr302eah,https://www.govinfo.gov/content/pkg/BILLS-115hr302eah/xml/BILLS-115hr302eah.xml,,,,,,,,,,,
555,BILLS-115hres1082eh,https://www.govinfo.gov/content/pkg/BILLS-115hres1082eh/xml/BILLS-115hres1082eh.xml,,,,,,,,,,,
556,BILLS-115hr2997rh,https://www.govinfo.gov/content/pkg/BILLS-115hr2997rh/xml/BILLS-115hr2997rh.xml,,,,,,,,,,,
557,BILLS-115hr4eh,https://www.govinfo.gov/content/pkg/BILLS-115hr4eh/xml/BILLS-115hr4eh.xml,,,,,,,,,,,
558,BILLS-115s2680rs,https://www.govinfo.gov/content/pkg/BILLS-115s2680rs/xml/BILLS-115s2680rs.xml,,,,,,,,,,,
559,BILLS-115hr4pcs,https://www.govinfo.gov/content/pkg/BILLS-115hr4pcs/xml/BILLS-115hr4pcs.xml,,,,,,,,,,,
560,BILLS-115s3158pcs,https://www.govinfo.gov/content/pkg/BILLS-115s3158pcs/xml/BILLS-115s3158pcs.xml,,,,,,,,,,,
561,BILLS-115hr7140ih,https://www.govinfo.gov/content/pkg/BILLS-115hr7140ih/xml/BILLS-115hr7140ih.xml,,,,,,,,,,,
562,BILLS-115hr6470rh,https://www.govinfo.gov/content/pkg/BILLS-115hr6470rh/xml/BILLS-115hr6470rh.xml,,,,,,,,,,,
563,BILLS-115hr4508rh,https://www.govinfo.gov/content/pkg/BILLS-115hr4508rh/xml/BILLS-115hr4508rh.xml,,,,,,,,,,,
564,BILLS-115hr6enr,https://www.govinfo.gov/content/pkg/BILLS-115hr6enr/xml/BILLS-115hr6enr.xml,,,,,,,,,,,
565,BILLS-115hres1099eh,https://www.govinfo.gov/content/pkg/BILLS-115hres1099eh/xml/BILLS-115hres1099eh.xml,,,,,,,,,,,
566,BILLS-115s3357is,https://www.govinfo.gov/content/pkg/BILLS-115s3357is/xml/BILLS-115s3357is.xml,,,,,,,,,,,
567,BILLS-115hr6eah,https://www.govinfo.gov/content/pkg/BILLS-115hr6eah/xml/BILLS-115hr6eah.xml,,,,,,,,,,,
568,BILLS-115hr4782ih,https://www.govinfo.gov/content/pkg/BILLS-115hr4782ih/xml/BILLS-115hr4782ih.xml,,,,,,,,,,,
569,BILLS-115hr6eas,https://www.govinfo.gov/content/pkg/BILLS-115hr6eas/xml/BILLS-115hr6eas.xml,,,,,,,,,,,
570,BILLS-115s1771pcs,https://www.govinfo.gov/content/pkg/BILLS-115s1771pcs/xml/BILLS-115s1771pcs.xml,,,,,,,,,,,
571,BILLS-115hr3358rh,https://www.govinfo.gov/content/pkg/BILLS-115hr3358rh/xml/BILLS-115hr3358rh.xml,,,,,,,,,,,
572,BILLS-115hr6157enr,https://www.govinfo.gov/content/pkg/BILLS-115hr6157enr/xml/BILLS-115hr6157enr.xml,,,,,,,,,,,
573,BILLS-115hr6157eas,https://www.govinfo.gov/content/pkg/BILLS-115hr6157eas/xml/BILLS-115hr6157eas.xml,,,,,,,,,,,
574,BILLS-115hr4508ih,https://www.govinfo.gov/content/pkg/BILLS-115hr4508ih/xml/BILLS-115hr4508ih.xml,,,,,,,,,,,
575,BILLS-115s1405rs,https://www.govinfo.gov/content/pkg/BILLS-115s1405rs/xml/BILLS-115s1405rs.xml,,,,,,,,,,,
576,BILLS-115hr6eh,https://www.govinfo.gov/content/pkg/BILLS-115hr6eh/xml/BILLS-115hr6eh.xml,,,,,,,,,,,
577,BILLS-115hr6pcs,https://www.govinfo.gov/content/pkg/BILLS-115hr6pcs/xml/BILLS-115hr6pcs.xml,,,,,,,,,,,
578,BILLS-115hr3537ih,https://www.govinfo.gov/content/pkg/BILLS-115hr3537ih/xml/BILLS-115hr3537ih.xml,,,,,,,,,,,
579,BILLS-115hr3314ih,https://www.govinfo.gov/content/pkg/BILLS-115hr3314ih/xml/BILLS-115hr3314ih.xml,,,,,,,,,,,
580,BILLS-115hr5515enr,https://www.govinfo.gov/content/pkg/BILLS-115hr5515enr/xml/BILLS-115hr5515enr.xml,,,,,,,,,,,
581,BILLS-115hr3848ih,https://www.govinfo.gov/content/pkg/BILLS-115hr3848ih/xml/BILLS-115hr3848ih.xml,,,,,,,,,,,
582,BILLS-115s987is,https://www.govinfo.gov/content/pkg/BILLS-115s987is/xml/BILLS-115s987is.xml,,,,,,,,,,,
583,BILLS-115s1405is,https://www.govinfo.gov/content/pkg/BILLS-115s1405is/xml/BILLS-115s1405is.xml,,,,,,,,,,,
584,BILLS-115s1880is,https://www.govinfo.gov/content/pkg/BILLS-115s1880is/xml/BILLS-115s1880is.xml,,,,,,,,,,,
585,BILLS-115hr1892eah,https://www.govinfo.gov/content/pkg/BILLS-115hr1892eah/xml/BILLS-115hr1892eah.xml,,,,,,,,,,,
586,BILLS-115s1780pcs,https://www.govinfo.gov/content/pkg/BILLS-115s1780pcs/xml/BILLS-115s1780pcs.xml,,,,,,,,,,,
587,BILLS-115hr2810rh,https://www.govinfo.gov/content/pkg/BILLS-115hr2810rh/xml/BILLS-115hr2810rh.xml,,,,,,,,,,,
588,BILLS-115hr5515pcs,https://www.govinfo.gov/content/pkg/BILLS-115hr5515pcs/xml/BILLS-115hr5515pcs.xml,,,,,,,,,,,
589,BILLS-115hr2825rs,https://www.govinfo.gov/content/pkg/BILLS-115hr2825rs/xml/BILLS-115hr2825rs.xml,,,,,,,,,,,
590,BILLS-115hr5515eh,https://www.govinfo.gov/content/pkg/BILLS-115hr5515eh/xml/BILLS-115hr5515eh.xml,,,,,,,,,,,
591,BILLS-115hr2825rh,https://www.govinfo.gov/content/pkg/BILLS-115hr2825rh/xml/BILLS-115hr2825rh.xml,,,,,,,,,,,
592,BILLS-115hr2810enr,https://www.govinfo.gov/content/pkg/BILLS-115hr2810enr/xml/BILLS-115hr2810enr.xml,,,,,,,,,,,
593,BILLS-115hr2810pcs,https://www.govinfo.gov/content/pkg/BILLS-115hr2810pcs/xml/BILLS-115hr2810pcs.xml,,,,,,,,,,,
594,BILLS-115hr2810eh,https://www.govinfo.gov/content/pkg/BILLS-115hr2810eh/xml/BILLS-115hr2810eh.xml,,,,,,,,,,,
595,BILLS-115hr2825rfs,https://www.govinfo.gov/content/pkg/BILLS-115hr2825rfs/xml/BILLS-115hr2825rfs.xml,,,,,,,,,,,
596,BILLS-115hr2825eh,https://www.govinfo.gov/content/pkg/BILLS-115hr2825eh/xml/BILLS-115hr2825eh.xml,,,,,,,,,,,
