"billid","billname","committeename"
1,"BILLS-115hr147ih","Committee on Foreign Relations"
2,"BILLS-115s1592is","Committee on the Judiciary"
3,"BILLS-115hr2095ih","Committee on the Judiciary"
4,"BILLS-115s456is","Committee on Education and the Workforce"
5,"BILLS-115s54is","Committee on Health, Education, Labor, and Pensions"
6,"BILLS-115hr1231ih","Committee on the Judiciary"
7,"BILLS-115hr149ih","Committee on Energy and Commerce"
8,"BILLS-115hr6390ih","Committee on Financial Services"
9,"BILLS-115s3321is","Committee on Small Business"
9,"BILLS-115s3321is","the Judiciary"
10,"BILLS-115sres56is","Committee on Banking, Housing, and Urban Affairs"
11,"BILLS-115hres291ih","Committee on the Judiciary"
12,"BILLS-115hres817ih","Committee on the Judiciary"
13,"BILLS-115sres70is","Committee on the Judiciary"
14,"BILLS-115s3321rfh","Committee on the Judiciary"
15,"BILLS-115s3321es","Committee on Financial Services"
15,"BILLS-115s3321es","Committee on House Administration"
16,"BILLS-115hres706ih","nan"
17,"BILLS-115hres902ih","Committee on Energy and Commerce"
18,"BILLS-115sres383is","Committee on the Judiciary"
18,"BILLS-115sres383is","Education and the Workforce"
19,"BILLS-115hres139ih","Committee on Health, Education, Labor, and Pensions"
20,"BILLS-115s3271is","Committee on Energy and Commerce"
21,"BILLS-115hr2282ih","Committee on the Judiciary"
22,"BILLS-115hr1566ih","Committee on the Judiciary"
22,"BILLS-115hr1566ih","Education and the Workforce"
22,"BILLS-115hr1566ih","Financial Services"
22,"BILLS-115hr1566ih","Oversight and Government Reform"
22,"BILLS-115hr1566ih","House Administration"
23,"BILLS-115s1006is","Committee on the Judiciary"
24,"BILLS-115s662is","Committee on the Judiciary"
25,"BILLS-115hres646lth","Committee on the Judiciary"
26,"BILLS-115hr3520ih","nan"
27,"BILLS-115hr651ih","Committee on the Judiciary"
28,"BILLS-115hr1447ih","Committee on Education and the Workforce"
29,"BILLS-115hr3239ih","Committee on the Judiciary"
30,"BILLS-115s1328is","Committee on the Judiciary"
31,"BILLS-115s1143is","Committee on the Judiciary"
32,"BILLS-115hr2498ih","Committee on Health, Education, Labor, and Pensions"
33,"BILLS-115hr4019ih","Committee on Financial Services"
34,"BILLS-115s1593is","Committee on the Judiciary"
35,"BILLS-115hres452ih","Committee on the Judiciary"
36,"BILLS-115hr6905ih","Committee on Armed Services"
37,"BILLS-115s1419is","Committee on Transportation and Infrastructure"
37,"BILLS-115s1419is","Committee on Homeland Security"
38,"BILLS-115hr2978ih","Committee on the Judiciary"
39,"BILLS-115hconres78ih","Committee on the Judiciary"
40,"BILLS-115s2940is","Committee on the Judiciary"
41,"BILLS-115hr6707ih","Committee on Health, Education, Labor, and Pensions"
42,"BILLS-115hr5924ih","Committee on Foreign Affairs"
43,"BILLS-115hr4527ih","Committee on the Judiciary"
43,"BILLS-115hr4527ih","Education and the Workforce"
44,"BILLS-115hr4093ih","Committee on Energy and Commerce"
45,"BILLS-115hr1983ih","Committee on Education and the Workforce"
46,"BILLS-115sres545ats","Committee on the Judiciary"
47,"BILLS-115hres511ih","nan"
48,"BILLS-115hr6315ih","Committee on Energy and Commerce"
49,"BILLS-115hres1071eh","Committee on Energy and Commerce"
50,"BILLS-115hr4100eh","nan"
51,"BILLS-115hr4100rfs","nan"
52,"BILLS-115s2250is","Committee on the Judiciary"
53,"BILLS-115sres190ats","Committee on the Judiciary"
54,"BILLS-115hr4680ih","nan"
55,"BILLS-115hr151ih","Committee on the Judiciary"
56,"BILLS-115hr713ih","Committee on the Judiciary"
57,"BILLS-115hr4100ih","Committee on the Judiciary"
58,"BILLS-115hres1071ih","Committee on the Judiciary"
59,"BILLS-115hres732ih","Committee on the Judiciary"
60,"BILLS-115s689is","Committee on Foreign Affairs"
61,"BILLS-115sres487is","Committee on Health, Education, Labor, and Pensions"
62,"BILLS-115s2572is","Committee on the Judiciary"
63,"BILLS-115hres203rh","Committee on Health, Education, Labor, and Pensions"
64,"BILLS-115hres854ih","Committee on the Judiciary"
65,"BILLS-115hr2538ih","Committee on the Judiciary"
65,"BILLS-115hr2538ih","Committee on Education and the Workforce"
66,"BILLS-115hr1957ih","Committee on Education and the Workforce"
66,"BILLS-115hr1957ih","House Administration"
66,"BILLS-115hr1957ih","Oversight and Government Reform"
66,"BILLS-115hr1957ih","the Judiciary"
67,"BILLS-115hres1066ih","Committee on Education and the Workforce"
68,"BILLS-115hres1060ih","Committee on Energy and Commerce"
69,"BILLS-115s3784is","Committee on Oversight and Government Reform"
70,"BILLS-115hr6359ih","Committee on Health, Education, Labor, and Pensions"
71,"BILLS-115s3129is","Committee on Oversight and Government Reform"
72,"BILLS-115hr4114ih","Committee on Health, Education, Labor, and Pensions"
73,"BILLS-115hr5195ih","Committee on Energy and Commerce"
73,"BILLS-115hr5195ih","Natural Resources"
73,"BILLS-115hr5195ih","Transportation and Infrastructure"
73,"BILLS-115hr5195ih","the Judiciary"
74,"BILLS-115hr1563ih","Committee on Foreign Affairs"
74,"BILLS-115hr1563ih","Armed Services"
74,"BILLS-115hr1563ih","Intelligence (Permanent Select)"
74,"BILLS-115hr1563ih","the Judiciary"
74,"BILLS-115hr1563ih","Homeland Security"
74,"BILLS-115hr1563ih","Agriculture"
74,"BILLS-115hr1563ih","Financial Services"
75,"BILLS-115s1610is","Committee on Energy and Commerce"
76,"BILLS-115sres589ats","Committee on the Judiciary"
77,"BILLS-115s1996is","nan"
78,"BILLS-115hr4271ih","Committee on Environment and Public Works"
79,"BILLS-115s248is","Committee on the Judiciary"
79,"BILLS-115s248is","Foreign Affairs"
79,"BILLS-115s248is","Homeland Security"
79,"BILLS-115s248is","Intelligence (Permanent Select)"
80,"BILLS-115hr4933ih","Committee on the Judiciary"
81,"BILLS-115hr2096ih","Committee on the Judiciary"
82,"BILLS-115s1979is","Committee on Education and the Workforce"
83,"BILLS-115s549is","Committee on the Judiciary"
84,"BILLS-115s924is","Committee on the Judiciary"
85,"BILLS-115sres555ats","Committee on Homeland Security and Governmental Affairs"
86,"BILLS-115hr1926ih","nan"
87,"BILLS-115hr4065ih","Committee on the Judiciary"
88,"BILLS-115hr152ih","Committee on the Judiciary"
89,"BILLS-115sres225is","Committee on Oversight and Government Reform"
90,"BILLS-115hr5862ih","Committee on the Judiciary"
91,"BILLS-115sres225ats","Committee on the Judiciary"
92,"BILLS-115hr6765ih","Committee on the Judiciary"
93,"BILLS-115hr5977ih","Committee on Education and the Workforce"
94,"BILLS-115hres203ih","Committee on Energy and Commerce"
95,"BILLS-115hres700ih","Committee on the Judiciary"
96,"BILLS-115hr684ih","Committee on the Judiciary"
96,"BILLS-115hr684ih","Committee on Foreign Affairs"
97,"BILLS-115hres936ih","Committee on the Judiciary"
98,"BILLS-115sres737ats","Committee on Oversight and Government Reform"
99,"BILLS-115hres19ih","nan"
100,"BILLS-115hres975ih","Committee on Education and the Workforce"
101,"BILLS-115hr6637ih","Committee on House Administration"
101,"BILLS-115hr6637ih","the Judiciary"
101,"BILLS-115hr6637ih","Oversight and Government Reform"
102,"BILLS-115s3651is","Committee on Veterans Affairs"
103,"BILLS-115s2658is","Committee on the Judiciary"
104,"BILLS-115hr6279ih","Committee on Health, Education, Labor, and Pensions"
105,"BILLS-115s2462is","Committee on Education and the Workforce"
106,"BILLS-115hr3517ih","Committee on Homeland Security and Governmental Affairs"
106,"BILLS-115hr3517ih","Committee on the Judiciary of the Senate"
106,"BILLS-115hr3517ih","Committee on the Judiciary of the House of Representatives"
106,"BILLS-115hr3517ih","Committee on Homeland Security and Governmental Affairs of the Senate"
106,"BILLS-115hr3517ih","Committee on Homeland Security of the House of Representatives"
107,"BILLS-115hr1927ih","Committee on the Judiciary"
108,"BILLS-115hres656ih","Committee on Natural Resources"
109,"BILLS-115hres94ih","Committee on Education and the Workforce"
110,"BILLS-115hres1126ih","Committee on the Judiciary"
111,"BILLS-115hres948ih","Committee on Oversight and Government Reform"
112,"BILLS-115sres547ats","Committee on Oversight and Government Reform"
113,"BILLS-115s3178es","nan"
114,"BILLS-115hr6495ih","nan"
115,"BILLS-115sres144is","Committee on Energy and Commerce"
115,"BILLS-115sres144is","the Judiciary"
115,"BILLS-115sres144is","Education and the Workforce"
116,"BILLS-115s3039is","Committee on the Judiciary"
117,"BILLS-115hr735ih","Committee on Health, Education, Labor, and Pensions"
118,"BILLS-115hr5991ih","Committee on the Judiciary"
118,"BILLS-115hr5991ih","Homeland Security"
118,"BILLS-115hr5991ih","Foreign Affairs"
118,"BILLS-115hr5991ih","Intelligence (Permanent Select)"
119,"BILLS-115s2832is","Committee on the Judiciary"
119,"BILLS-115s2832is","Ways and Means"
119,"BILLS-115s2832is","Homeland Security"
120,"BILLS-115hr1222rs","Committee on Homeland Security and Governmental Affairs"
121,"BILLS-115sres459is","Committee on Health, Education, Labor, and Pensions"
122,"BILLS-115sres576is","Committee on Health, Education, Labor, and Pensions"
123,"BILLS-115hres386ih","Committee on the Judiciary"
124,"BILLS-115hr6464ih","Committee on Oversight and Government Reform"
125,"BILLS-115hres130ih","Committee on Education and the Workforce"
125,"BILLS-115hres130ih","Committee on the Judiciary"
126,"BILLS-115hres925ih","Committee on Energy and Commerce"
127,"BILLS-115sres214ats","Committee on Foreign Affairs"
128,"BILLS-115hr5028ih","Committee on the Judiciary"
129,"BILLS-115hres297ih","Committee on Financial Services"
130,"BILLS-115sres128ats","Committee on Energy and Commerce"
131,"BILLS-115sres128is","Committee on the Judiciary"
132,"BILLS-115sres576ats","Committee on the Judiciary"
133,"BILLS-115hr3676ih","Committee on the Judiciary"
134,"BILLS-115hr2360ih","Committee on the Judiciary"
135,"BILLS-115sres390ats","Committee on Energy and Commerce"
136,"BILLS-115sres72is","nan"
137,"BILLS-115sres214is","Committee on Energy and Natural Resources"
138,"BILLS-115hres158ih","Committee on the Judiciary"
139,"BILLS-115hres428ih","Committee on Natural Resources"
139,"BILLS-115hres428ih","Foreign Affairs"
140,"BILLS-115hr1222enr","Committee on Energy and Commerce"
141,"BILLS-115hr266ih","nan"
142,"BILLS-115s2454is","Committee on the Judiciary"
143,"BILLS-115sres508is","Committee on Banking, Housing, and Urban Affairs"
144,"BILLS-115hr5206rs","Committee on Health, Education, Labor, and Pensions"
145,"BILLS-115sres41ats","Committee on Homeland Security and Governmental Affairs"
146,"BILLS-115s1570is","nan"
147,"BILLS-115hr2590ih","Committee on Homeland Security and Governmental Affairs"
148,"BILLS-115hr5292ih","Committee on Education and the Workforce"
149,"BILLS-115hr1222eas","Committee on Oversight and Government Reform"
150,"BILLS-115hres558ih","nan"
151,"BILLS-115hres713ih","Committee on Energy and Commerce"
152,"BILLS-115hr2650ih","Committee on Foreign Affairs"
153,"BILLS-115s443is","Committee on Education and the Workforce"
154,"BILLS-115hjres95ih","Committee on Health, Education, Labor, and Pensions"
155,"BILLS-115hres818ih","Committee on Oversight and Government Reform"
156,"BILLS-115hr5197rfs","Committee on Energy and Commerce"
157,"BILLS-115hr411ih","Committee on Health, Education, Labor, and Pensions"
158,"BILLS-115s3372is","Committee on Veterans Affairs"
159,"BILLS-115hr5197eh","Committee on the Judiciary"
159,"BILLS-115hr5197eh","Committee on the Judiciary of the Senate, "
159,"BILLS-115hr5197eh","Committee on Homeland Security and Governmental Affairs of the Senate"
159,"BILLS-115hr5197eh","Committee on the Judiciary of the House of Representatives"
159,"BILLS-115hr5197eh","Committee on Homeland Security of the House of Representatives"
160,"BILLS-115hres406ih","nan"
161,"BILLS-115sres439is","Committee on Natural Resources"
162,"BILLS-115hres176ih","Committee on Health, Education, Labor, and Pensions"
163,"BILLS-115hr3636ih","Committee on Energy and Commerce"
164,"BILLS-115s1694is","Committee on Education and the Workforce"
165,"BILLS-115hr5761ih","Committee on Health, Education, Labor, and Pensions"
166,"BILLS-115hjres19ih","Committee on Energy and Commerce"
167,"BILLS-115hr1222rfs","Committee on the Judiciary"
168,"BILLS-115hr1222eh","Committee on Health, Education, Labor, and Pensions"
169,"BILLS-115hr6101ih","nan"
170,"BILLS-115hr2486ih","Committee on Veterans Affairs"
170,"BILLS-115hr2486ih","Oversight and Government Reform"
171,"BILLS-115hres926ih","Committee on the Judiciary"
171,"BILLS-115hres926ih","Education and the Workforce"
172,"BILLS-115sres569is","Committee on Foreign Affairs"
173,"BILLS-115hres144ih","Committee on the Judiciary"
174,"BILLS-115sres322is","Committee on the Judiciary"
175,"BILLS-115hres751ih","Committee on Health, Education, Labor, and Pensions"
176,"BILLS-115sres403ats","Committee on the Judiciary"
177,"BILLS-115hr6659ih","nan"
178,"BILLS-115hres79ih","Committee on Homeland Security"
179,"BILLS-115sres131is","Committee on Education and the Workforce"
180,"BILLS-115sres131ats","Committee on the Judiciary"
181,"BILLS-115s1653is","Committee on the Judiciary"
182,"BILLS-115s1606is","Committee on Health, Education, Labor, and Pensions"
183,"BILLS-115sres77ats","Committee on Health, Education, Labor, and Pensions"
184,"BILLS-115hres941ih","nan"
185,"BILLS-115hr1533ih","Committee on Natural Resources"
186,"BILLS-115hr3273ih","Committee on Energy and Commerce"
187,"BILLS-115sres552is","Committee on Oversight and Government Reform"
188,"BILLS-115hr2826ih","Committee on Foreign Relations"
189,"BILLS-115s1999is","Committee on the Judiciary"
190,"BILLS-115hres758ih","Committee on Health, Education, Labor, and Pensions"
191,"BILLS-115hr2365ih","Committee on the Judiciary"
192,"BILLS-115s3776is","Committee on Natural Resources"
193,"BILLS-115hres1004ih","Committee on Finance"
194,"BILLS-115hr7103ih","Committee on Energy and Commerce"
195,"BILLS-115hr1498ih","Committee on Energy and Commerce"
196,"BILLS-115hconres25ih","Committee on the Judiciary"
197,"BILLS-115sres45ats","Committee on the Judiciary"
198,"BILLS-115hr3658ih","Committee on the Judiciary"
199,"BILLS-115s3018is","Committee on Armed Services"
200,"BILLS-115hres869ih","Committee on Finance"
201,"BILLS-115hres463ih","Committee on Oversight and Government Reform"
202,"BILLS-115sres413ats","Committee on Energy and Commerce"
203,"BILLS-115hr1648ih","nan"
204,"BILLS-115s3082is","Committee on Energy and Commerce"
205,"BILLS-115s3308is","Committee on the Judiciary"
206,"BILLS-115sres45is","Committee on Health, Education, Labor, and Pensions"
207,"BILLS-115hr3590ih","Committee on the Judiciary"
208,"BILLS-115s411is","Committee on Energy and Commerce"
208,"BILLS-115s411is","the Judiciary"
208,"BILLS-115s411is","Natural Resources"
209,"BILLS-115hr630ih","Committee on the Judiciary"
210,"BILLS-115hr2365rh","Committee on the Judiciary"
211,"BILLS-115hr7136ih","Committee on Natural Resources"
212,"BILLS-115hconres44ih","Committee on Agriculture"
212,"BILLS-115hconres44ih","Education and the Workforce"
213,"BILLS-115hres863ih","Committee on Oversight and Government Reform"
214,"BILLS-115hconres9ih","Committee on Oversight and Government Reform"
215,"BILLS-115hconres117ih","Committee on Oversight and Government Reform"
216,"BILLS-115hres143ih","Committee on Oversight and Government Reform"
217,"BILLS-115hr3602ih","Committee on the Judiciary"
218,"BILLS-115hconres74ih","Committee on Energy and Commerce"
218,"BILLS-115hconres74ih","Education and the Workforce"
219,"BILLS-115hres155ih","Committee on Financial Services"
219,"BILLS-115hres155ih","the Budget"
219,"BILLS-115hres155ih","the Judiciary"
220,"BILLS-115hr6148ih","Committee on the Judiciary"
221,"BILLS-115hr6795ih","Committee on Education and the Workforce"
222,"BILLS-115hr5510ih","Committee on Financial Services"
222,"BILLS-115hr5510ih","House Administration"
223,"BILLS-115hr5824ih","Committee on the Judiciary"
224,"BILLS-115s2754is","Committee on Agriculture"
225,"BILLS-115s2839is","Committee on Health, Education, Labor, and Pensions"
226,"BILLS-115s2591is","Committee on Agriculture, Nutrition, and Forestry"
227,"BILLS-115hr7320ih","Committee on the Judiciary"
228,"BILLS-115hr1222ih","Committee on Education and the Workforce"
229,"BILLS-115hr1222rh","Committee on Energy and Commerce"
230,"BILLS-115hr3980ih","Committee on Energy and Commerce"
231,"BILLS-115s1324is","Committee on the Judiciary"
232,"BILLS-115hr5197ih","Committee on the Judiciary"
233,"BILLS-115hconres41ih","Committee on Energy and Commerce"
234,"BILLS-115hr2841ih","Committee on Armed Services"
235,"BILLS-115sres69ats","Committee on the Judiciary"
236,"BILLS-115s477is","nan"
237,"BILLS-115s2516is","Committee on Health, Education, Labor, and Pensions"
238,"BILLS-115sres559is","Committee on Health, Education, Labor, and Pensions"
239,"BILLS-115hr1853ih","Committee on Health, Education, Labor, and Pensions"
240,"BILLS-115sres212is","Committee on the Judiciary"
241,"BILLS-115hr3123ih","Committee on the Judiciary"
242,"BILLS-115sres563is","Committee on Financial Services"
242,"BILLS-115sres563is","House Administration"
243,"BILLS-115hres820ih","Committee on the Judiciary"
244,"BILLS-115s537is","Committee on Foreign Affairs"
245,"BILLS-115hr697eh","Committee on the Judiciary"
246,"BILLS-115hr5193ih","nan"
247,"BILLS-115s166is","Committee on Small Business"
247,"BILLS-115s166is","Armed Services"
248,"BILLS-115hr970ih","Committee on Banking, Housing, and Urban Affairs"
249,"BILLS-115hres974ih","Committee on Oversight and Government Reform"
249,"BILLS-115hres974ih","Financial Services"
250,"BILLS-115hr697ih","Committee on Education and the Workforce"
251,"BILLS-115hr5072ih","Committee on Homeland Security"
252,"BILLS-115hr697rfs","Committee on the Judiciary"
253,"BILLS-115s235is","Committee on Homeland Security and Governmental Affairs"
254,"BILLS-115hr579ih","Committee on Health, Education, Labor, and Pensions"
255,"BILLS-115s1050rfh","Committee on Financial Services"
256,"BILLS-115s1050enr","Committee on Financial Services"
256,"BILLS-115s1050enr","Committee on House Administration"
257,"BILLS-115s2275is","nan"
258,"BILLS-115hr7214ih","Committee on the Judiciary"
259,"BILLS-115hr691ih","Committee on Education and the Workforce"
260,"BILLS-115s1050es","Committee on Education and the Workforce"
260,"BILLS-115s1050es","Oversight and Government Reform"
260,"BILLS-115s1050es","Armed Services"
261,"BILLS-115s3195is","nan"
262,"BILLS-115hr3844ih","Committee on the Judiciary"
263,"BILLS-115hr6383ih","Committee on the Judiciary"
264,"BILLS-115hr5115ih","Committee on Agriculture"
265,"BILLS-115hr1553ih","Committee on Energy and Commerce"
266,"BILLS-115hr901ih","Committee on Financial Services"
266,"BILLS-115hr901ih","House Administration"
267,"BILLS-115hr7035ih","Committee on the Judiciary"
268,"BILLS-115hr2325ih","Committee on Energy and Commerce"
269,"BILLS-115hr5001ih","Committee on the Judiciary"
270,"BILLS-115hr1374ih","Committee on Financial Services"
271,"BILLS-115hr1963ih","Committee on the Judiciary"
272,"BILLS-115s858is","Committee on the Judiciary"
273,"BILLS-115s3660is","Committee on Banking, Housing, and Urban Affairs"
274,"BILLS-115s329is","Committee on Finance"
274,"BILLS-115s329is","Committee on Homeland Security and Governmental Affairs of the Senate"
274,"BILLS-115s329is","Committee on the Judiciary of the Senate"
274,"BILLS-115s329is","Committee on Homeland Security of the House of Representatives"
274,"BILLS-115s329is","Committee on the Judiciary of the House of Representatives"
275,"BILLS-115hr7345ih","Committee on the Judiciary"
276,"BILLS-115hr4184ih","Committee on Education and the Workforce"
277,"BILLS-115hr4130ih","Committee on the Judiciary"
278,"BILLS-115hr2161ih","Committee on the Judiciary"
278,"BILLS-115hr2161ih","Energy and Commerce"
279,"BILLS-115s3076is","Committee on the Judiciary"
280,"BILLS-115sres404ats","Committee on Homeland Security and Governmental Affairs"
281,"BILLS-115hr1748ih","Committee on Health, Education, Labor, and Pensions"
282,"BILLS-115hr6698ih","Committee on Education and the Workforce"
283,"BILLS-115sres366is","Committee on Energy and Commerce"
284,"BILLS-115s647is","Committee on Health, Education, Labor, and Pensions"
285,"BILLS-115s1050is","Committee on the Judiciary"
286,"BILLS-115hres563ih","Committee on Banking, Housing, and Urban Affairs"
287,"BILLS-115sres404is","Committee on Education and the Workforce"
288,"BILLS-115s2407is","Committee on Health, Education, Labor, and Pensions"
289,"BILLS-115hr4152ih","Committee on Health, Education, Labor, and Pensions"
290,"BILLS-115hr5942ih","Committee on Education and the Workforce"
290,"BILLS-115hr5942ih","House Administration"
290,"BILLS-115hr5942ih","the Judiciary"
290,"BILLS-115hr5942ih","Oversight and Government Reform"
291,"BILLS-115s2019is","Committee on Energy and Commerce"
291,"BILLS-115s2019is","Ways and Means"
291,"BILLS-115s2019is","Agriculture"
291,"BILLS-115s2019is","Education and the Workforce"
291,"BILLS-115s2019is","the Budget"
291,"BILLS-115s2019is","the Judiciary"
291,"BILLS-115s2019is","Veterans Affairs"
291,"BILLS-115s2019is","Armed Services"
291,"BILLS-115s2019is","Natural Resources"
291,"BILLS-115s2019is","Committee on Homeland Security and Governmental Affairs of the Senate"
291,"BILLS-115s2019is","Committee on the Judiciary of the Senate"
291,"BILLS-115s2019is","Committee on Homeland Security of the House of Representatives"
291,"BILLS-115s2019is","Committee on the Judiciary of the House of Representatives"
292,"BILLS-115hres720ih","Committee on Health, Education, Labor, and Pensions"
293,"BILLS-115hr6103ih","Committee on Education and the Workforce"
294,"BILLS-115s788is","Committee on Transportation and Infrastructure"
295,"BILLS-115hr2358ih","Committee on Veterans Affairs"
296,"BILLS-115s3363is","Committee on Financial Services"
296,"BILLS-115s3363is","House Administration"
297,"BILLS-115hr6925ih","Committee on Finance"
298,"BILLS-115hr6336ih","Committee on the Judiciary"
299,"BILLS-115s3117is","Committee on Agriculture"
299,"BILLS-115s3117is","Committee on Agriculture of the House of Representatives"
299,"BILLS-115s3117is","Committee on Agriculture, Nutrition, and Forestry of the Senate"
299,"BILLS-115s3117is","Committee on Agriculture of the House of Representatives"
299,"BILLS-115s3117is","Committee on Agriculture, Nutrition, and Forestry of the Senate"
300,"BILLS-115s1942is","Committee on Agriculture, Nutrition, and Forestry"
300,"BILLS-115s1942is","Committee on Agriculture of the House of Representatives"
300,"BILLS-115s1942is","Committee on Agriculture, Nutrition, and Forestry of the Senate"
300,"BILLS-115s1942is","Committee on Agriculture of the House of Representatives"
300,"BILLS-115s1942is","Committee on Agriculture, Nutrition, and Forestry of the Senate"
301,"BILLS-115s1942rs","Committee on Indian Affairs"
302,"BILLS-115s1270is","Committee on Indian Affairs"
303,"BILLS-115hr6374rfs","Committee on Health, Education, Labor, and Pensions"
304,"BILLS-115hr6374eh","Committee on Homeland Security and Governmental Affairs"
305,"BILLS-115hres132ih","nan"
306,"BILLS-115hr791ih","Committee on Ways and Means"
307,"BILLS-115s2163is","Committee on Financial Services"
308,"BILLS-115hr4485ih","Committee on Finance"
309,"BILLS-115hr164ih","Committee on the Judiciary"
309,"BILLS-115hr164ih","Natural Resources"
310,"BILLS-115hr6374rh","Committee on Energy and Commerce"
310,"BILLS-115hr6374rh","Education and the Workforce"
310,"BILLS-115hr6374rh","Ways and Means"
310,"BILLS-115hr6374rh","Oversight and Government Reform"
311,"BILLS-115hr2652ih","Committee on Homeland Security"
312,"BILLS-115hr2676ih","Committee on Veterans Affairs"
313,"BILLS-115hr4576ih","Committee on the Judiciary"
314,"BILLS-115hr2151ih","Committee on Oversight and Government Reform"
315,"BILLS-115s954is","Committee on Education and the Workforce"
316,"BILLS-115s992is","Committee on Health, Education, Labor, and Pensions"
317,"BILLS-115hr7307ih","Committee on Veterans Affairs"
318,"BILLS-115s1942es","Committee on Education and the Workforce"
318,"BILLS-115s1942es","Armed Services"
319,"BILLS-115hr2653ih","nan"
320,"BILLS-115s2722is","Committee on Science, Space, and Technology"
321,"BILLS-115s1258is","Committee on Health, Education, Labor, and Pensions"
322,"BILLS-115s121is","Committee on the Judiciary"
323,"BILLS-115hr3721ih","Committee on Small Business and Entrepreneurship"
324,"BILLS-115hr7031ih","Committee on Ways and Means"
324,"BILLS-115hr7031ih","Rules"
325,"BILLS-115hr1570ih","Committee on Science, Space, and Technology"
326,"BILLS-115hr1318ih","Committee on Foreign Affairs"
327,"BILLS-115hr6612ih","Committee on Energy and Commerce"
328,"BILLS-115hr7262ih","Committee on the Judiciary"
329,"BILLS-115s2829is","Committee on Financial Services"
329,"BILLS-115s2829is","Ways and Means"
329,"BILLS-115s2829is","the Judiciary"
329,"BILLS-115s2829is","Transportation and Infrastructure"
329,"BILLS-115s2829is","Education and the Workforce"
330,"BILLS-115s827is","Committee on Banking, Housing, and Urban Affairs"
331,"BILLS-115s1312is","Committee on the Judiciary"
332,"BILLS-115hres1042ih","Committee on the Judiciary"
333,"BILLS-115hr1906ih","Committee on Oversight and Government Reform"
334,"BILLS-115s1112is","Committee on the Judiciary"
334,"BILLS-115s1112is","Agriculture"
334,"BILLS-115s1112is","Ways and Means"
335,"BILLS-115hr5146ih","Committee on Health, Education, Labor, and Pensions"
336,"BILLS-115s3503is","Committee on Education and the Workforce"
337,"BILLS-115s2960is","Committee on Finance"
338,"BILLS-115hr391ih","Committee on Health, Education, Labor, and Pensions"
339,"BILLS-115s3234is","Committee on the Judiciary"
339,"BILLS-115s3234is","Foreign Affairs"
340,"BILLS-115hr3493ih","Committee on Health, Education, Labor, and Pensions"
341,"BILLS-115s3543is","Committee on Energy and Commerce"
342,"BILLS-115hr3944ih","Committee on the Judiciary"
343,"BILLS-115hr4918ih","Committee on the Judiciary"
344,"BILLS-115s1918is","Committee on the Judiciary"
344,"BILLS-115s1918is","Homeland Security"
345,"BILLS-115hr4307ih","Committee on the Judiciary"
346,"BILLS-115s1588is","Committee on Education and the Workforce"
347,"BILLS-115hr7127ih","Committee on the Judiciary"
348,"BILLS-115s1504is","Committee on House Administration"
348,"BILLS-115s1504is","the Judiciary"
349,"BILLS-115s1630is","Committee on the Judiciary"
350,"BILLS-115hr2473eh","Committee on Health, Education, Labor, and Pensions"
351,"BILLS-115s2148is","nan"
352,"BILLS-115hr3381ih","Committee on the Judiciary"
353,"BILLS-115hr2859ih","Committee on Oversight and Government Reform"
354,"BILLS-115hr2473rfs","Committee on Education and the Workforce"
355,"BILLS-115s1804is","Committee on the Judiciary"
356,"BILLS-115s362is","Committee on Finance"
357,"BILLS-115hr676ih","Committee on Homeland Security and Governmental Affairs"
358,"BILLS-115hr485ih","Committee on Energy and Commerce"
358,"BILLS-115hr485ih","Ways and Means"
358,"BILLS-115hr485ih","Natural Resources"
359,"BILLS-115hr5965ih","Committee on Financial Services"
360,"BILLS-115hr2725ih","Committee on Energy and Commerce"
360,"BILLS-115hr2725ih","Oversight and Government Reform"
360,"BILLS-115hr2725ih","Armed Services"
360,"BILLS-115hr2725ih","Veterans Affairs"
361,"BILLS-115hres246ih","Committee on Education and the Workforce"
362,"BILLS-115hr7142ih","Committee on Foreign Affairs"
363,"BILLS-115hr4115ih","Committee on Education and the Workforce"
364,"BILLS-115hr5374ih","Committee on Education and the Workforce"
364,"BILLS-115hr5374ih","the Judiciary"
365,"BILLS-115s636is","Committee on Education and the Workforce"
366,"BILLS-115hr2961ih","Committee on Health, Education, Labor, and Pensions"
367,"BILLS-115hr6677ih","Committee on Education and the Workforce"
368,"BILLS-115hr6669ih","Committee on the Judiciary"
369,"BILLS-115s2584is","Committee on the Judiciary"
370,"BILLS-115hr1921ih","Committee on Health, Education, Labor, and Pensions"
371,"BILLS-115s2986is","Committee on Education and the Workforce"
372,"BILLS-115hr4957ih","Committee on Health, Education, Labor, and Pensions"
373,"BILLS-115s2387is","Committee on Energy and Commerce"
373,"BILLS-115s2387is","Ways and Means"
374,"BILLS-115s3588is","Committee on Finance"
375,"BILLS-115hr1924ih","Committee on the Judiciary"
376,"BILLS-115hr1516ih","Committee on Education and the Workforce"
377,"BILLS-115hr895ih","Committee on Education and the Workforce"
377,"BILLS-115hr895ih","House Administration"
377,"BILLS-115hr895ih","Oversight and Government Reform"
378,"BILLS-115s185is","Committee on Ways and Means"
378,"BILLS-115s185is","Education and the Workforce"
379,"BILLS-115s148is","Committee on Health, Education, Labor, and Pensions"
380,"BILLS-115s2159is","Committee on Finance"
381,"BILLS-115hr3494ih","Committee on Homeland Security and Governmental Affairs"
382,"BILLS-115hr5710ih","Committee on Energy and Commerce"
382,"BILLS-115hr5710ih","Education and the Workforce"
383,"BILLS-115hr5609ih","Committee on the Judiciary"
384,"BILLS-115hr984enr","Committee on Transportation and Infrastructure"
384,"BILLS-115hr984enr","Energy and Commerce"
384,"BILLS-115hr984enr","Ways and Means"
384,"BILLS-115hr984enr","Agriculture"
385,"BILLS-115s292es","nan"
386,"BILLS-115hr1777ih","nan"
387,"BILLS-115s766is","Committee on Armed Services"
388,"BILLS-115hr7068ih","Committee on Armed Services"
389,"BILLS-115s3608is","Committee on the Judiciary"
389,"BILLS-115s3608is","Foreign Affairs"
390,"BILLS-115s292rfh","Committee on Health, Education, Labor, and Pensions"
391,"BILLS-115s292enr","Committee on Energy and Commerce"
392,"BILLS-115hr4396ih","nan"
393,"BILLS-115hr539ih","Committee on House Administration"
394,"BILLS-115hr1510ih","Committee on Energy and Commerce"
394,"BILLS-115hr1510ih","Ways and Means"
395,"BILLS-115hr984eh","Committee on Education and the Workforce"
396,"BILLS-115hr984rfs","nan"
397,"BILLS-115s3220is","Committee on Indian Affairs"
398,"BILLS-115s691rs","Committee on Health, Education, Labor, and Pensions"
399,"BILLS-115s1112rs","Committee on Indian Affairs"
400,"BILLS-115s1312rs","Committee on Health, Education, Labor, and Pensions"
401,"BILLS-115hr3257ih","Committee on the Judiciary"
401,"BILLS-115hr3257ih","Committee on Appropriations of the Senate"
401,"BILLS-115hr3257ih","Committee on Foreign Relations of the Senate"
401,"BILLS-115hr3257ih","Committee on Homeland Security and Governmental Affairs of the Senate"
401,"BILLS-115hr3257ih","Committee on the Judiciary of the Senate"
401,"BILLS-115hr3257ih","Committee on Appropriations of the House of Representatives"
401,"BILLS-115hr3257ih","Committee on Foreign Affairs of the House of Representatives"
401,"BILLS-115hr3257ih","Committee on Homeland Security of the House of Representatives"
401,"BILLS-115hr3257ih","Committee on the Judiciary of the House of Representatives;"
402,"BILLS-115hr984ih","Committee on Oversight and Government Reform"
403,"BILLS-115s691is","Committee on Natural Resources"
404,"BILLS-115s2598is","Committee on Indian Affairs"
405,"BILLS-115hr3778ih","Committee on Health, Education, Labor, and Pensions"
406,"BILLS-115hr1673ih","Committee on Education and the Workforce"
406,"BILLS-115hr1673ih","Energy and Commerce"
407,"BILLS-115hr5384ih","Committee on Transportation and Infrastructure"
407,"BILLS-115hr5384ih","Energy and Commerce"
407,"BILLS-115hr5384ih","Ways and Means"
407,"BILLS-115hr5384ih","Agriculture"
408,"BILLS-115hr202ih","Committee on Education and the Workforce"
409,"BILLS-115hr5153ih","Committee on Financial Services"
409,"BILLS-115hr5153ih","Ways and Means"
409,"BILLS-115hr5153ih","the Judiciary"
410,"BILLS-115s2571is","Committee on Ways and Means"
411,"BILLS-115s1121is","Committee on the Judiciary"
412,"BILLS-115hr1635rfs","Committee on Health, Education, Labor, and Pensions"
413,"BILLS-115hr1635eh","Committee on Health, Education, Labor, and Pensions"
414,"BILLS-115hr5785ih","nan"
415,"BILLS-115s1674is","Committee on the Judiciary"
415,"BILLS-115s1674is","Oversight and Government Reform"
415,"BILLS-115s1674is","Financial Services"
415,"BILLS-115s1674is","Transportation and Infrastructure"
415,"BILLS-115s1674is","Ways and Means"
415,"BILLS-115s1674is","Energy and Commerce"
415,"BILLS-115s1674is","the Budget"
415,"BILLS-115s1674is","Education and the Workforce"
415,"BILLS-115s1674is","Science, Space, and Technology"
415,"BILLS-115s1674is","Veterans Affairs"
415,"BILLS-115s1674is","Homeland Security"
415,"BILLS-115s1674is","Armed Services"
415,"BILLS-115s1674is","Small Business"
415,"BILLS-115s1674is","House Administration"
415,"BILLS-115s1674is","Agriculture"
415,"BILLS-115s1674is","Committee on the Judiciary of the Senate"
415,"BILLS-115s1674is","Committee on the Judiciary of the House of Representatives"
416,"BILLS-115s748is","Committee on Finance"
417,"BILLS-115hr5339ih","Committee on the Judiciary"
418,"BILLS-115hr6618ih","Committee on Education and the Workforce"
419,"BILLS-115hr2305ih","Committee on the Judiciary"
420,"BILLS-115s2169is","Committee on Education and the Workforce"
420,"BILLS-115s2169is","Science, Space, and Technology"
421,"BILLS-115s3110is","Committee on Health, Education, Labor, and Pensions"
422,"BILLS-115hr6184ih","Committee on Health, Education, Labor, and Pensions"
423,"BILLS-115s2081is","Committee on Education and the Workforce"
424,"BILLS-115hr2434ih","Committee on Health, Education, Labor, and Pensions"
425,"BILLS-115s1312rfh","Committee on Education and the Workforce"
426,"BILLS-115s3783is","Committee on the Judiciary"
426,"BILLS-115s3783is","Education and the Workforce"
426,"BILLS-115s3783is","Foreign Affairs"
426,"BILLS-115s3783is","Committee on Appropriations of the Senate"
426,"BILLS-115s3783is","Committee on Foreign Relations of the Senate"
426,"BILLS-115s3783is","Committee on Homeland Security and Governmental Affairs of the Senate"
426,"BILLS-115s3783is","Committee on the Judiciary of the Senate"
426,"BILLS-115s3783is","Committee on Appropriations of the House of Representatives"
426,"BILLS-115s3783is","Committee on Foreign Affairs of the House of Representatives"
426,"BILLS-115s3783is","Committee on Homeland Security of the House of Representatives"
426,"BILLS-115s3783is","Committee on the Judiciary of the House of Representatives;"
427,"BILLS-115hr4479ih","Committee on Health, Education, Labor, and Pensions"
428,"BILLS-115hr4601ih","Committee on Education and the Workforce"
428,"BILLS-115hr4601ih","Armed Services"
428,"BILLS-115hr4601ih","Veterans Affairs"
428,"BILLS-115hr4601ih","Ways and Means"
429,"BILLS-115s3616is","Committee on the Judiciary"
429,"BILLS-115s3616is","Education and the Workforce"
429,"BILLS-115s3616is","Foreign Affairs"
429,"BILLS-115s3616is","Committee on Appropriations of the Senate"
429,"BILLS-115s3616is","Committee on Foreign Relations of the Senate"
429,"BILLS-115s3616is","Committee on Homeland Security and Governmental Affairs of the Senate"
429,"BILLS-115s3616is","Committee on the Judiciary of the Senate"
429,"BILLS-115s3616is","Committee on Appropriations of the House of Representatives"
429,"BILLS-115s3616is","Committee on Foreign Affairs of the House of Representatives"
429,"BILLS-115s3616is","Committee on Homeland Security of the House of Representatives"
429,"BILLS-115s3616is","Committee on the Judiciary of the House of Representatives;"
430,"BILLS-115hr6805ih","Committee on the Judiciary"
431,"BILLS-115hr4557rh","Committee on the Judiciary"
432,"BILLS-115s1312es","Committee on Financial Services"
432,"BILLS-115s1312es","Committee on Transportation and Infrastructure"
432,"BILLS-115s1312es","Committee on Transportation and Infrastructure"
432,"BILLS-115s1312es","Committee on Transportation and Infrastructure"
433,"BILLS-115hr3828ih","Committee on Appropriations of the Senate"
433,"BILLS-115hr3828ih","Committee on Foreign Relations of the Senate"
433,"BILLS-115hr3828ih","Committee on Homeland Security and Governmental Affairs of the Senate"
433,"BILLS-115hr3828ih","Committee on the Judiciary of the Senate"
433,"BILLS-115hr3828ih","Committee on Appropriations of the House of Representatives"
433,"BILLS-115hr3828ih","Committee on Foreign Affairs of the House of Representatives"
433,"BILLS-115hr3828ih","Committee on Homeland Security of the House of Representatives"
433,"BILLS-115hr3828ih","Committee on the Judiciary of the House of Representatives;"
434,"BILLS-115hr2757ih","Committee on Education and the Workforce"
435,"BILLS-115hr1635ih","Committee on Energy and Commerce"
436,"BILLS-115hr711ih","Committee on Education and the Workforce"
437,"BILLS-115s511is","Committee on the Judiciary"
438,"BILLS-115hr1899ih","Committee on the Judiciary"
439,"BILLS-115s823is","Committee on the Judiciary"
439,"BILLS-115s823is","Homeland Security"
440,"BILLS-115hr3024ih","Committee on Homeland Security and Governmental Affairs"
441,"BILLS-115hr2475ih","Committee on Education and the Workforce"
442,"BILLS-115hr5017ih","Committee on Education and the Workforce"
442,"BILLS-115hr5017ih","Ways and Means"
442,"BILLS-115hr5017ih","the Budget"
443,"BILLS-115hr6946ih","Committee on Agriculture"
444,"BILLS-115s1421is","Committee on Education and the Workforce"
445,"BILLS-115s292rs","Committee on Health, Education, Labor, and Pensions"
446,"BILLS-115s2994is","Committee on Health, Education, Labor, and Pensions"
447,"BILLS-115s2236is","Committee on Health, Education, Labor, and Pensions"
448,"BILLS-115hr712ih","Committee on Homeland Security and Governmental Affairs"
449,"BILLS-115s2689is","Committee on the Judiciary"
450,"BILLS-115s819is","Committee on Finance"
451,"BILLS-115s3494is","Committee on Health, Education, Labor, and Pensions"
452,"BILLS-115hr2960ih","Committee on Finance"
453,"BILLS-115hr352ih","Committee on Education and the Workforce"
454,"BILLS-115hr1869ih","Committee on Energy and Commerce"
454,"BILLS-115hr1869ih","Rules"
454,"BILLS-115hr1869ih","Ways and Means"
454,"BILLS-115hr1869ih","Education and the Workforce"
454,"BILLS-115hr1869ih","the Judiciary"
454,"BILLS-115hr1869ih","Natural Resources"
454,"BILLS-115hr1869ih","House Administration"
454,"BILLS-115hr1869ih","Appropriations"
455,"BILLS-115hr1905ih","Committee on Education and the Workforce"
456,"BILLS-115s756enr","Committee on Oversight and Government Reform"
456,"BILLS-115s756enr","House Administration"
456,"BILLS-115s756enr","the Judiciary"
456,"BILLS-115s756enr","Armed Services"
456,"BILLS-115s756enr","Education and the Workforce"
457,"BILLS-115hr1468ih","nan"
458,"BILLS-115hr47ih","Committee on the Judiciary"
458,"BILLS-115hr47ih","Homeland Security"
458,"BILLS-115hr47ih","Armed Services"
459,"BILLS-115s842is","Committee on the Judiciary"
460,"BILLS-115hr3773ih","Committee on Homeland Security and Governmental Affairs"
461,"BILLS-115s3747pcs","Committee on Education and the Workforce"
462,"BILLS-115s756eas","nan"
463,"BILLS-115s1806is","nan"
464,"BILLS-115s842rs","Committee on Health, Education, Labor, and Pensions"
465,"BILLS-115hr5550ih","Committee on Homeland Security and Governmental Affairs"
466,"BILLS-115hr5878ih","Committee on Education and the Workforce"
466,"BILLS-115hr5878ih","Committee on Agriculture"
467,"BILLS-115hr5900ih","Committee on Energy and Commerce"
468,"BILLS-115hr820ih","Committee on Energy and Commerce"
469,"BILLS-115s292is","Committee on Energy and Commerce"
470,"BILLS-115hr6543ih","Committee on Health, Education, Labor, and Pensions"
471,"BILLS-115hr6406ih","Committee on Education and the Workforce"
472,"BILLS-115s3802is","Committee on Education and the Workforce"
472,"BILLS-115s3802is","Ways and Means"
472,"BILLS-115s3802is","Financial Services"
472,"BILLS-115s3802is","House Administration"
472,"BILLS-115s3802is","Oversight and Government Reform"
472,"BILLS-115s3802is","the Judiciary"
473,"BILLS-115s1312enr","Committee on Health, Education, Labor, and Pensions"
474,"BILLS-115s1312eah","Committee on Appropriations of the Senate"
474,"BILLS-115s1312eah","Committee on Foreign Relations of the Senate"
474,"BILLS-115s1312eah","Committee on Homeland Security and Governmental Affairs of the Senate"
474,"BILLS-115s1312eah","Committee on the Judiciary of the Senate"
474,"BILLS-115s1312eah","Committee on Appropriations of the House of Representatives"
474,"BILLS-115s1312eah","Committee on Foreign Affairs of the House of Representatives"
474,"BILLS-115s1312eah","Committee on Homeland Security of the House of Representatives"
474,"BILLS-115s1312eah","Committee on the Judiciary of the House of Representatives;"
475,"BILLS-115s3340is","Committee on Appropriations of the Senate"
475,"BILLS-115s3340is","Committee on Foreign Relations of the Senate"
475,"BILLS-115s3340is","Committee on Homeland Security and Governmental Affairs of the Senate"
475,"BILLS-115s3340is","Committee on the Judiciary of the Senate"
475,"BILLS-115s3340is","Committee on Appropriations of the House of Representatives"
475,"BILLS-115s3340is","Committee on Foreign Affairs of the House of Representatives"
475,"BILLS-115s3340is","Committee on Homeland Security of the House of Representatives"
475,"BILLS-115s3340is","Committee on the Judiciary of the House of Representatives;"
476,"BILLS-115hr3839ih","Committee on Health, Education, Labor, and Pensions"
477,"BILLS-115s2724is","Committee on Ways and Means"
477,"BILLS-115s2724is","Education and the Workforce"
477,"BILLS-115s2724is","Agriculture"
477,"BILLS-115s2724is","Financial Services"
477,"BILLS-115s2724is","Small Business"
477,"BILLS-115s2724is","Energy and Commerce"
477,"BILLS-115s2724is","the Judiciary"
477,"BILLS-115s2724is","Oversight and Government Reform"
478,"BILLS-115hr3440ih","Committee on the Judiciary"
479,"BILLS-115s1615is","Committee on the Judiciary"
479,"BILLS-115s1615is","Education and the Workforce"
480,"BILLS-115hr6964enr","Committee on the Judiciary"
481,"BILLS-115hr6964eas","nan"
482,"BILLS-115hr6964pcs","nan"
483,"BILLS-115hr1084ih","nan"
484,"BILLS-115hr5040ih","Committee on Ways and Means"
484,"BILLS-115hr5040ih","Education and the Workforce"
484,"BILLS-115hr5040ih","Agriculture"
484,"BILLS-115hr5040ih","Financial Services"
484,"BILLS-115hr5040ih","Small Business"
484,"BILLS-115hr5040ih","Energy and Commerce"
484,"BILLS-115hr5040ih","the Judiciary"
484,"BILLS-115hr5040ih","Oversight and Government Reform"
485,"BILLS-115hr6964eh","Committee on Foreign Affairs"
485,"BILLS-115hr6964eh","Committee on Oversight and Government Reform"
486,"BILLS-115s1852is","nan"
487,"BILLS-115s3478is","Committee on the Judiciary"
487,"BILLS-115s3478is","Committee on the Judiciary of the Senate"
487,"BILLS-115s3478is","Committee on the Judiciary of the House of Representatives"
488,"BILLS-115hr5592ih","Committee on Homeland Security and Governmental Affairs"
488,"BILLS-115hr5592ih","Committee on Homeland Security and Governmental Affairs of the Senate"
488,"BILLS-115hr5592ih","Committee on Homeland Security of the House of Representatives"
488,"BILLS-115hr5592ih","Committee on the Judiciary of the Senate"
488,"BILLS-115hr5592ih","Committee on the Judiciary of the House of Representatives"
488,"BILLS-115hr5592ih","Committee on Commerce, Science, and Transportation of the Senate"
488,"BILLS-115hr5592ih","Committee on Transportation and Infrastructure of the House of Representatives"
489,"BILLS-115hr7059ih","Committee on Foreign Affairs"
489,"BILLS-115hr7059ih","Committee on Foreign Relations of the Senate"
489,"BILLS-115hr7059ih","Committee on Appropriations of the Senate"
489,"BILLS-115hr7059ih","Committee on Foreign Affairs of the House of Representatives"
489,"BILLS-115hr7059ih","Committee on Appropriations of the House of Representatives"
489,"BILLS-115hr7059ih","Committee on Foreign Relations of the Senate"
489,"BILLS-115hr7059ih","Committee on Foreign Affairs of the House of Representatives"
489,"BILLS-115hr7059ih","Select Committee on Intelligence of the Senate"
489,"BILLS-115hr7059ih","Permanent Select Committee on Intelligence of the House of Representatives"
490,"BILLS-115hr1809rds","Committee on the Judiciary"
490,"BILLS-115hr1809rds","Homeland Security"
490,"BILLS-115hr1809rds","Ways and Means"
490,"BILLS-115hr1809rds","Armed Services"
490,"BILLS-115hr1809rds","the Budget"
491,"BILLS-115hr1809pcs","nan"
492,"BILLS-115hr1809ih","nan"
493,"BILLS-115hr1809eh","Committee on Education and the Workforce"
494,"BILLS-115hr1102ih","nan"
495,"BILLS-115hr1809rh","Committee on the Judiciary"
496,"BILLS-115hr1111ih","Committee on Education and the Workforce"
497,"BILLS-115s1437is","Committee on Oversight and Government Reform"
498,"BILLS-115hr12ih","Committee on Rules and Administration"
499,"BILLS-115s162is","Committee on House Administration"
499,"BILLS-115s162is","the Judiciary"
499,"BILLS-115s162is","Science, Space, and Technology"
499,"BILLS-115s162is","Veterans Affairs"
499,"BILLS-115s162is","Oversight and Government Reform"
499,"BILLS-115s162is","Education and the Workforce"
500,"BILLS-115s1631is","Committee on Homeland Security and Governmental Affairs"
501,"BILLS-115hr3671ih","Committee on Foreign Relations"
501,"BILLS-115hr3671ih","Committee on Foreign Relations of the Senate"
501,"BILLS-115hr3671ih","Committee on Appropriations of the Senate"
501,"BILLS-115hr3671ih","Committee on Foreign Affairs of the House of Representatives"
501,"BILLS-115hr3671ih","Committee on Appropriations of the House of Representatives"
501,"BILLS-115hr3671ih","Committee on Foreign Relations of the Senate"
501,"BILLS-115hr3671ih","Committee on Foreign Affairs of the House of Representatives"
501,"BILLS-115hr3671ih","Committee on Foreign Relations of the Senate"
501,"BILLS-115hr3671ih","Committee on Foreign Affairs of the House of Representatives"
501,"BILLS-115hr3671ih","Select Committee on Intelligence of the Senate"
501,"BILLS-115hr3671ih","Permanent Select Committee on Intelligence of the House of Representatives"
502,"BILLS-115hr1537ih","Committee on Energy and Commerce"
502,"BILLS-115hr1537ih","Ways and Means"
502,"BILLS-115hr1537ih","Transportation and Infrastructure"
502,"BILLS-115hr1537ih","Education and the Workforce"
502,"BILLS-115hr1537ih","Science, Space, and Technology"
502,"BILLS-115hr1537ih","Financial Services"
502,"BILLS-115hr1537ih","Foreign Affairs"
503,"BILLS-115s2158is","Committee on Oversight and Government Reform"
504,"BILLS-115s337is","Committee on the Judiciary"
505,"BILLS-115s1631rs","Committee on Finance"
506,"BILLS-115hr4261ih","Committee on Foreign Relations"
506,"BILLS-115hr4261ih","Committee on Foreign Relations of the Senate"
506,"BILLS-115hr4261ih","Committee on Appropriations of the Senate"
506,"BILLS-115hr4261ih","Committee on Foreign Affairs of the House of Representatives"
506,"BILLS-115hr4261ih","Committee on Appropriations of the House of Representatives"
506,"BILLS-115hr4261ih","Committee on Foreign Relations of the Senate"
506,"BILLS-115hr4261ih","Committee on Foreign Affairs of the House of Representatives"
506,"BILLS-115hr4261ih","Committee on Foreign Relations of the Senate"
506,"BILLS-115hr4261ih","Committee on Foreign Affairs of the House of Representatives"
506,"BILLS-115hr4261ih","Select Committee on Intelligence of the Senate"
506,"BILLS-115hr4261ih","Permanent Select Committee on Intelligence of the House of Representatives"
507,"BILLS-115s3246is","Committee on the Judiciary"
507,"BILLS-115s3246is","Energy and Commerce"
508,"BILLS-115hr3474ih","Committee on Finance"
509,"BILLS-115hr5164ih","Committee on Homeland Security"
509,"BILLS-115hr5164ih","Armed Services"
509,"BILLS-115hr5164ih","the Judiciary"
509,"BILLS-115hr5164ih","Natural Resources"
509,"BILLS-115hr5164ih","Agriculture"
509,"BILLS-115hr5164ih","Foreign Affairs"
509,"BILLS-115hr5164ih","Transportation and Infrastructure"
509,"BILLS-115hr5164ih","Ways and Means"
510,"BILLS-115hr947ih","Committee on the Judiciary"
510,"BILLS-115hr947ih","Education and the Workforce"
510,"BILLS-115hr947ih","Financial Services"
510,"BILLS-115hr947ih","Ways and Means"
510,"BILLS-115hr947ih","Small Business"
510,"BILLS-115hr947ih","Oversight and Government Reform"
510,"BILLS-115hr947ih","Agriculture"
510,"BILLS-115hr947ih","Rules"
510,"BILLS-115hr947ih","Energy and Commerce"
511,"BILLS-115hr1000ih","Committee on Ways and Means"
512,"BILLS-115s2199pcs","Committee on Education and the Workforce"
512,"BILLS-115s2199pcs","Committee on Ways and Means"
513,"BILLS-115s1937is","nan"
514,"BILLS-115hr4796ih","Committee on the Judiciary"
515,"BILLS-115s2367is","Committee on the Judiciary"
515,"BILLS-115s2367is","Homeland Security"
515,"BILLS-115s2367is","Education and the Workforce"
515,"BILLS-115s2367is","Energy and Commerce"
515,"BILLS-115s2367is","Foreign Affairs"
516,"BILLS-115hr6776rh","Committee on the Judiciary"
516,"BILLS-115hr6776rh","Committee on Homeland Security and Governmental Affairs of the Senate"
516,"BILLS-115hr6776rh","Committee on Homeland Security of the House of Representatives"
516,"BILLS-115hr6776rh","Committee on Homeland Security and Governmental Affairs of the Senate"
516,"BILLS-115hr6776rh","Committee on Homeland Security of the House of Representatives"
516,"BILLS-115hr6776rh","Committee on Homeland Security and Governmental Affairs of the Senate"
516,"BILLS-115hr6776rh","Committee on Commerce, Science, and Transportation of the Senate"
516,"BILLS-115hr6776rh","Committee on Homeland Security of the House of Representatives"
516,"BILLS-115hr6776rh","Committee on Transportation and Infrastructure of the House of Representatives"
516,"BILLS-115hr6776rh","Committee on Homeland Security and Governmental Affairs of the Senate"
516,"BILLS-115hr6776rh","Committee on Homeland Security of the House of Representatives"
516,"BILLS-115hr6776rh","Committee on Foreign Relations of the Senate"
516,"BILLS-115hr6776rh","Committee on Appropriations of the Senate"
516,"BILLS-115hr6776rh","Committee on Foreign Affairs of the House of Representatives"
516,"BILLS-115hr6776rh","Committee on Appropriations of the House of Representatives"
516,"BILLS-115hr6776rh","Committee on Foreign Relations of the Senate"
516,"BILLS-115hr6776rh","Committee on Appropriations of the Senate"
516,"BILLS-115hr6776rh","Committee on Foreign Affairs of the House of Representatives"
516,"BILLS-115hr6776rh","Committee on Appropriations of the House of Representatives"
517,"BILLS-115hr5841ih","Committee on Appropriations"
518,"BILLS-115hr5841pcs","Committee on Foreign Affairs"
518,"BILLS-115hr5841pcs","Financial Services"
518,"BILLS-115hr5841pcs","Energy and Commerce"
518,"BILLS-115hr5841pcs","Intelligence (Permanent Select)"
518,"BILLS-115hr5841pcs","Oversight and Government Reform"
519,"BILLS-115hr5531ih","nan"
520,"BILLS-115hr6134ih","Committee on Energy and Commerce"
520,"BILLS-115hr6134ih","Ways and Means"
520,"BILLS-115hr6134ih","the Budget"
520,"BILLS-115hr6134ih","Veterans Affairs"
520,"BILLS-115hr6134ih","Oversight and Government Reform"
520,"BILLS-115hr6134ih","the Judiciary"
521,"BILLS-115hr5841eh","Committee on the Judiciary"
521,"BILLS-115hr5841eh","Committee on Foreign Affairs"
522,"BILLS-115hr5682rds","nan"
523,"BILLS-115hr5682ih","nan"
524,"BILLS-115hr5682rh","Committee on the Judiciary"
525,"BILLS-115hr5682eh","Committee on the Judiciary"
526,"BILLS-115s2795is","nan"
527,"BILLS-115hr6204ih","Committee on the Judiciary"
528,"BILLS-115hr5365ih","Committee on the Judiciary"
528,"BILLS-115hr5365ih","Committee on Foreign Affairs"
529,"BILLS-115s3584is","Committee on Education and the Workforce"
530,"BILLS-115s3649pcs","Committee on Health, Education, Labor, and Pensions"
531,"BILLS-115s1917is","nan"
532,"BILLS-115hr3057ih","Committee on the Judiciary"
533,"BILLS-115s860es","Committee on the Judiciary"
533,"BILLS-115s860es","House Administration"
534,"BILLS-115hr4074ih","nan"
535,"BILLS-115s3023pcs","Committee on Ways and Means"
535,"BILLS-115s3023pcs","House Administration"
535,"BILLS-115s3023pcs","Oversight and Government Reform"
535,"BILLS-115s3023pcs","Education and the Workforce"
535,"BILLS-115s3023pcs","Financial Services"
535,"BILLS-115s3023pcs","Agriculture"
535,"BILLS-115s3023pcs","Transportation and Infrastructure"
535,"BILLS-115s3023pcs","Rules"
535,"BILLS-115s3023pcs","the Budget"
535,"BILLS-115s3023pcs","the Judiciary"
536,"BILLS-115hr2511ih","Committee on Appropriations"
537,"BILLS-115s860is","Committee on Armed Services"
537,"BILLS-115s860is","Oversight and Government Reform"
538,"BILLS-115s774is","Committee on the Judiciary"
539,"BILLS-115hr1757ih","Committee on Health, Education, Labor, and Pensions"
540,"BILLS-115hr6072rh","Committee on Education and the Workforce"
540,"BILLS-115hr6072rh","Energy and Commerce"
540,"BILLS-115hr6072rh","Ways and Means"
540,"BILLS-115hr6072rh","the Judiciary"
541,"BILLS-115hr6237rds","Committee on Appropriations"
542,"BILLS-115hr6237eh","nan"
543,"BILLS-115hr4ih","nan"
544,"BILLS-115s3386is","Committee on Transportation and Infrastructure"
544,"BILLS-115s3386is","Financial Services"
544,"BILLS-115s3386is","Ways and Means"
544,"BILLS-115s3386is","Science, Space, and Technology"
544,"BILLS-115s3386is","Natural Resources"
545,"BILLS-115hr3353rh","Committee on the Judiciary"
546,"BILLS-115hr3160ih","Committee on Appropriations"
547,"BILLS-115hr6545ih","Committee on Financial Services"
548,"BILLS-115s1655pcs","Committee on the Judiciary"
548,"BILLS-115s1655pcs","Energy and Commerce"
548,"BILLS-115s1655pcs","Financial Services"
548,"BILLS-115s1655pcs","Ways and Means"
548,"BILLS-115s1655pcs","Natural Resources"
548,"BILLS-115s1655pcs","Education and the Workforce"
549,"BILLS-115hr2997ih","Committee on Appropriations"
550,"BILLS-115hr253ih","Committee on Transportation and Infrastructure"
551,"BILLS-115hr59ih","Committee on Ways and Means"
552,"BILLS-115s2680is","Committee on Homeland Security"
552,"BILLS-115s2680is","Energy and Commerce"
553,"BILLS-115hr302enr","Committee on Health, Education, Labor, and Pensions"
554,"BILLS-115hr302eah","Committee on Commerce, Science, and Transportation of the Senate"
554,"BILLS-115hr302eah","Committee on Transportation and Infrastructure of the House of Representatives"
554,"BILLS-115hr302eah","Committee on Commerce, Science, and Transportation of the Senate"
554,"BILLS-115hr302eah","Committee on Transportation and Infrastructure of the House of Representatives"
554,"BILLS-115hr302eah","Committee on Commerce, Science, and Transportation of the Senate"
554,"BILLS-115hr302eah","Committee on Homeland Security and Governmental Affairs of the Senate"
554,"BILLS-115hr302eah","Committee on Homeland Security of the House of Representatives"
554,"BILLS-115hr302eah","Committee on Transportation and Infrastructure of the House of Representatives"
554,"BILLS-115hr302eah","Committee on Commerce, Science, and Transportation"
554,"BILLS-115hr302eah","Committee on Homeland Security and Governmental Affairs of the Senate"
554,"BILLS-115hr302eah","Committee on Transportation and Infrastructure"
554,"BILLS-115hr302eah","Committee on Homeland Security of the House of Representatives"
554,"BILLS-115hr302eah","Committee on Commerce, Science, and Transportation"
554,"BILLS-115hr302eah","Committee on Homeland Security and Governmental Affairs of the Senate"
554,"BILLS-115hr302eah","Committee on Transportation and Infrastructure"
554,"BILLS-115hr302eah","Committee on Homeland Security of the House of Representatives"
554,"BILLS-115hr302eah","Committee on Commerce, Science, and Transportation of the Senate"
554,"BILLS-115hr302eah","Committee on Homeland Security"
554,"BILLS-115hr302eah","Committee on Transportation and Infrastructure of the House of Representatives"
554,"BILLS-115hr302eah","Committee on Commerce, Science, and Transportation"
554,"BILLS-115hr302eah","Committee on Homeland Security and Governmental Affairs of the Senate"
554,"BILLS-115hr302eah","Committee on Transportation and Infrastructure"
554,"BILLS-115hr302eah","Committee on Homeland Security of the House of Representatives"
554,"BILLS-115hr302eah","Committee on Commerce, Science, and Transportation of the Senate"
554,"BILLS-115hr302eah","Committee on Homeland Security and Governmental Affairs of the Senate"
554,"BILLS-115hr302eah","Committee on Homeland Security of the House of Representatives."
554,"BILLS-115hr302eah","Committee on Commerce, Science, and Transportation of the Senate"
554,"BILLS-115hr302eah","Committee on Homeland Security of the House of Representatives"
554,"BILLS-115hr302eah","Committee on Commerce, Science, and Transportation of the Senate"
554,"BILLS-115hr302eah","Committee on Homeland Security of the House of Representatives"
554,"BILLS-115hr302eah","Committee on Commerce, Science, and Transportation of the Senate"
554,"BILLS-115hr302eah","Committee on Homeland Security of the House of Representatives"
554,"BILLS-115hr302eah","Committee on Commerce, Science, and Transportation"
554,"BILLS-115hr302eah","Committee on Homeland Security and Governmental Affairs of the Senate"
554,"BILLS-115hr302eah","Committee on Homeland Security of the House of Representatives"
554,"BILLS-115hr302eah","Committee on Commerce, Science, and Transportation"
554,"BILLS-115hr302eah","Committee on Foreign Relations of the Senate"
554,"BILLS-115hr302eah","Committee on Homeland Security "
554,"BILLS-115hr302eah","Committee on Foreign Affairs of the House of Representatives"
554,"BILLS-115hr302eah","Committee on Commerce, Science, and Transportation"
554,"BILLS-115hr302eah","Committee on Foreign Relations of the Senate"
554,"BILLS-115hr302eah","Committee on Homeland Security"
554,"BILLS-115hr302eah","Committee on Foreign Affairs of the House of Representatives"
554,"BILLS-115hr302eah","Committee on Commerce, Science, and Transportation of the Senate"
554,"BILLS-115hr302eah","Committee on Homeland Security of the House of Representatives"
554,"BILLS-115hr302eah"," Committee on Commerce, Science, and Transportation of the Senate"
554,"BILLS-115hr302eah","Committee on Homeland Security "
554,"BILLS-115hr302eah","Committee on Transportation and Infrastructure of the House of Representatives"
554,"BILLS-115hr302eah"," Committee on Commerce, Science, and Transportation of the Senate"
554,"BILLS-115hr302eah","Committee on Homeland Security "
554,"BILLS-115hr302eah","Committee on Transportation and Infrastructure of the House of Representatives"
555,"BILLS-115hres1082eh","Committee on Commerce, Science, and Transportation of the Senate"
555,"BILLS-115hres1082eh","Committee on Transportation and Infrastructure of the House of Representatives"
555,"BILLS-115hres1082eh","Committee on Commerce, Science, and Transportation of the Senate"
555,"BILLS-115hres1082eh","Committee on Transportation and Infrastructure of the House of Representatives"
555,"BILLS-115hres1082eh","Committee on Commerce, Science, and Transportation of the Senate"
555,"BILLS-115hres1082eh","Committee on Homeland Security and Governmental Affairs of the Senate"
555,"BILLS-115hres1082eh","Committee on Homeland Security of the House of Representatives"
555,"BILLS-115hres1082eh","Committee on Transportation and Infrastructure of the House of Representatives"
555,"BILLS-115hres1082eh","Committee on Commerce, Science, and Transportation"
555,"BILLS-115hres1082eh","Committee on Homeland Security and Governmental Affairs of the Senate"
555,"BILLS-115hres1082eh","Committee on Transportation and Infrastructure"
555,"BILLS-115hres1082eh","Committee on Homeland Security of the House of Representatives"
555,"BILLS-115hres1082eh","Committee on Commerce, Science, and Transportation"
555,"BILLS-115hres1082eh","Committee on Homeland Security and Governmental Affairs of the Senate"
555,"BILLS-115hres1082eh","Committee on Transportation and Infrastructure"
555,"BILLS-115hres1082eh","Committee on Homeland Security of the House of Representatives"
555,"BILLS-115hres1082eh","Committee on Commerce, Science, and Transportation of the Senate"
555,"BILLS-115hres1082eh","Committee on Homeland Security"
555,"BILLS-115hres1082eh","Committee on Transportation and Infrastructure of the House of Representatives"
555,"BILLS-115hres1082eh","Committee on Commerce, Science, and Transportation"
555,"BILLS-115hres1082eh","Committee on Homeland Security and Governmental Affairs of the Senate"
555,"BILLS-115hres1082eh","Committee on Transportation and Infrastructure"
555,"BILLS-115hres1082eh","Committee on Homeland Security of the House of Representatives"
555,"BILLS-115hres1082eh","Committee on Commerce, Science, and Transportation of the Senate"
555,"BILLS-115hres1082eh","Committee on Homeland Security and Governmental Affairs of the Senate"
555,"BILLS-115hres1082eh","Committee on Homeland Security of the House of Representatives."
555,"BILLS-115hres1082eh","Committee on Commerce, Science, and Transportation of the Senate"
555,"BILLS-115hres1082eh","Committee on Homeland Security of the House of Representatives"
555,"BILLS-115hres1082eh","Committee on Commerce, Science, and Transportation of the Senate"
555,"BILLS-115hres1082eh","Committee on Homeland Security of the House of Representatives"
555,"BILLS-115hres1082eh","Committee on Commerce, Science, and Transportation of the Senate"
555,"BILLS-115hres1082eh","Committee on Homeland Security of the House of Representatives"
555,"BILLS-115hres1082eh","Committee on Commerce, Science, and Transportation"
555,"BILLS-115hres1082eh","Committee on Homeland Security and Governmental Affairs of the Senate"
555,"BILLS-115hres1082eh","Committee on Homeland Security of the House of Representatives"
555,"BILLS-115hres1082eh","Committee on Commerce, Science, and Transportation"
555,"BILLS-115hres1082eh","Committee on Foreign Relations of the Senate"
555,"BILLS-115hres1082eh","Committee on Homeland Security "
555,"BILLS-115hres1082eh","Committee on Foreign Affairs of the House of Representatives"
555,"BILLS-115hres1082eh","Committee on Commerce, Science, and Transportation"
555,"BILLS-115hres1082eh","Committee on Foreign Relations of the Senate"
555,"BILLS-115hres1082eh","Committee on Homeland Security"
555,"BILLS-115hres1082eh","Committee on Foreign Affairs of the House of Representatives"
555,"BILLS-115hres1082eh","Committee on Commerce, Science, and Transportation of the Senate"
555,"BILLS-115hres1082eh","Committee on Homeland Security of the House of Representatives"
555,"BILLS-115hres1082eh"," Committee on Commerce, Science, and Transportation of the Senate"
555,"BILLS-115hres1082eh","Committee on Homeland Security "
555,"BILLS-115hres1082eh","Committee on Transportation and Infrastructure of the House of Representatives"
555,"BILLS-115hres1082eh"," Committee on Commerce, Science, and Transportation of the Senate"
555,"BILLS-115hres1082eh","Committee on Homeland Security "
555,"BILLS-115hres1082eh","Committee on Transportation and Infrastructure of the House of Representatives"
556,"BILLS-115hr2997rh","Committee on Commerce, Science, and Transportation of the Senate"
556,"BILLS-115hr2997rh","Committee on Transportation and Infrastructure of the House of Representatives"
556,"BILLS-115hr2997rh","Committee on Commerce, Science, and Transportation of the Senate"
556,"BILLS-115hr2997rh","Committee on Transportation and Infrastructure of the House of Representatives"
556,"BILLS-115hr2997rh","Committee on Commerce, Science, and Transportation of the Senate"
556,"BILLS-115hr2997rh","Committee on Homeland Security and Governmental Affairs of the Senate"
556,"BILLS-115hr2997rh","Committee on Homeland Security of the House of Representatives"
556,"BILLS-115hr2997rh","Committee on Transportation and Infrastructure of the House of Representatives"
556,"BILLS-115hr2997rh","Committee on Commerce, Science, and Transportation"
556,"BILLS-115hr2997rh","Committee on Homeland Security and Governmental Affairs of the Senate"
556,"BILLS-115hr2997rh","Committee on Transportation and Infrastructure"
556,"BILLS-115hr2997rh","Committee on Homeland Security of the House of Representatives"
556,"BILLS-115hr2997rh","Committee on Commerce, Science, and Transportation"
556,"BILLS-115hr2997rh","Committee on Homeland Security and Governmental Affairs of the Senate"
556,"BILLS-115hr2997rh","Committee on Transportation and Infrastructure"
556,"BILLS-115hr2997rh","Committee on Homeland Security of the House of Representatives"
556,"BILLS-115hr2997rh","Committee on Commerce, Science, and Transportation of the Senate"
556,"BILLS-115hr2997rh","Committee on Homeland Security"
556,"BILLS-115hr2997rh","Committee on Transportation and Infrastructure of the House of Representatives"
556,"BILLS-115hr2997rh","Committee on Commerce, Science, and Transportation"
556,"BILLS-115hr2997rh","Committee on Homeland Security and Governmental Affairs of the Senate"
556,"BILLS-115hr2997rh","Committee on Transportation and Infrastructure"
556,"BILLS-115hr2997rh","Committee on Homeland Security of the House of Representatives"
556,"BILLS-115hr2997rh","Committee on Commerce, Science, and Transportation of the Senate"
556,"BILLS-115hr2997rh","Committee on Homeland Security and Governmental Affairs of the Senate"
556,"BILLS-115hr2997rh","Committee on Homeland Security of the House of Representatives."
556,"BILLS-115hr2997rh","Committee on Commerce, Science, and Transportation of the Senate"
556,"BILLS-115hr2997rh","Committee on Homeland Security of the House of Representatives"
556,"BILLS-115hr2997rh","Committee on Commerce, Science, and Transportation of the Senate"
556,"BILLS-115hr2997rh","Committee on Homeland Security of the House of Representatives"
556,"BILLS-115hr2997rh","Committee on Commerce, Science, and Transportation of the Senate"
556,"BILLS-115hr2997rh","Committee on Homeland Security of the House of Representatives"
556,"BILLS-115hr2997rh","Committee on Commerce, Science, and Transportation"
556,"BILLS-115hr2997rh","Committee on Homeland Security and Governmental Affairs of the Senate"
556,"BILLS-115hr2997rh","Committee on Homeland Security of the House of Representatives"
556,"BILLS-115hr2997rh","Committee on Commerce, Science, and Transportation"
556,"BILLS-115hr2997rh","Committee on Foreign Relations of the Senate"
556,"BILLS-115hr2997rh","Committee on Homeland Security "
556,"BILLS-115hr2997rh","Committee on Foreign Affairs of the House of Representatives"
556,"BILLS-115hr2997rh","Committee on Commerce, Science, and Transportation"
556,"BILLS-115hr2997rh","Committee on Foreign Relations of the Senate"
556,"BILLS-115hr2997rh","Committee on Homeland Security"
556,"BILLS-115hr2997rh","Committee on Foreign Affairs of the House of Representatives"
556,"BILLS-115hr2997rh","Committee on Commerce, Science, and Transportation of the Senate"
556,"BILLS-115hr2997rh","Committee on Homeland Security of the House of Representatives"
556,"BILLS-115hr2997rh"," Committee on Commerce, Science, and Transportation of the Senate"
556,"BILLS-115hr2997rh","Committee on Homeland Security "
556,"BILLS-115hr2997rh","Committee on Transportation and Infrastructure of the House of Representatives"
556,"BILLS-115hr2997rh"," Committee on Commerce, Science, and Transportation of the Senate"
556,"BILLS-115hr2997rh","Committee on Homeland Security "
556,"BILLS-115hr2997rh","Committee on Transportation and Infrastructure of the House of Representatives"
557,"BILLS-115hr4eh","Committee on Transportation and Infrastructure"
558,"BILLS-115s2680rs","nan"
559,"BILLS-115hr4pcs","Committee on Health, Education, Labor, and Pensions"
560,"BILLS-115s3158pcs","nan"
561,"BILLS-115hr7140ih","Committee on Appropriations"
562,"BILLS-115hr6470rh","Committee on the Judiciary"
562,"BILLS-115hr6470rh","Oversight and Government Reform"
562,"BILLS-115hr6470rh","House Administration"
562,"BILLS-115hr6470rh","Ways and Means"
562,"BILLS-115hr6470rh","Financial Services"
562,"BILLS-115hr6470rh","Intelligence (Permanent Select)"
562,"BILLS-115hr6470rh","Rules"
562,"BILLS-115hr6470rh","Foreign Affairs"
562,"BILLS-115hr6470rh","Armed Services"
562,"BILLS-115hr6470rh","the Budget"
563,"BILLS-115hr4508rh","Committee on Appropriations"
564,"BILLS-115hr6enr","Committee on Education and the Workforce"
565,"BILLS-115hres1099eh","Committee on Commerce, Science, and Transportation of the Senate"
565,"BILLS-115hres1099eh","Committee on Transportation and Infrastructure of the House of Representatives"
565,"BILLS-115hres1099eh","Committee on Commerce, Science, and Transportation of the Senate"
565,"BILLS-115hres1099eh","Committee on Transportation and Infrastructure of the House of Representatives"
565,"BILLS-115hres1099eh","Committee on Commerce, Science, and Transportation of the Senate"
565,"BILLS-115hres1099eh","Committee on Transportation and Infrastructure of the House of Representatives"
565,"BILLS-115hres1099eh","Committee on Commerce, Science, and Transportation of the Senate"
565,"BILLS-115hres1099eh","Committee on Transportation and Infrastructure of the House of Representatives"
565,"BILLS-115hres1099eh","Committee on Commerce, Science, and Transportation of the Senate"
565,"BILLS-115hres1099eh","Committee on Transportation and Infrastructure of the House of Representatives"
566,"BILLS-115s3357is","Committee on Commerce, Science, and Transportation of the Senate"
566,"BILLS-115s3357is","Committee on Transportation and Infrastructure of the House of Representatives"
566,"BILLS-115s3357is","Committee on Commerce, Science, and Transportation of the Senate"
566,"BILLS-115s3357is","Committee on Transportation and Infrastructure of the House of Representatives"
566,"BILLS-115s3357is","Committee on Commerce, Science, and Transportation of the Senate"
566,"BILLS-115s3357is","Committee on Transportation and Infrastructure of the House of Representatives"
566,"BILLS-115s3357is","Committee on Commerce, Science, and Transportation of the Senate"
566,"BILLS-115s3357is","Committee on Transportation and Infrastructure of the House of Representatives"
566,"BILLS-115s3357is","Committee on Commerce, Science, and Transportation of the Senate"
566,"BILLS-115s3357is","Committee on Transportation and Infrastructure of the House of Representatives"
567,"BILLS-115hr6eah","Committee on Finance"
568,"BILLS-115hr4782ih","Committee on Commerce, Science, and Transportation of the Senate"
568,"BILLS-115hr4782ih","Committee on Transportation and Infrastructure of the House of Representatives"
568,"BILLS-115hr4782ih","Committee on Commerce, Science, and Transportation of the Senate"
568,"BILLS-115hr4782ih","Committee on Transportation and Infrastructure of the House of Representatives"
568,"BILLS-115hr4782ih","Committee on Commerce, Science, and Transportation of the Senate"
568,"BILLS-115hr4782ih","Committee on Transportation and Infrastructure of the House of Representatives"
568,"BILLS-115hr4782ih","Committee on Commerce, Science, and Transportation of the Senate"
568,"BILLS-115hr4782ih","Committee on Transportation and Infrastructure of the House of Representatives"
568,"BILLS-115hr4782ih","Committee on Commerce, Science, and Transportation of the Senate"
568,"BILLS-115hr4782ih","Committee on Transportation and Infrastructure of the House of Representatives"
569,"BILLS-115hr6eas","Committee on Transportation and Infrastructure"
569,"BILLS-115hr6eas","Energy and Commerce"
569,"BILLS-115hr6eas","Financial Services"
569,"BILLS-115hr6eas","Agriculture"
569,"BILLS-115hr6eas","Ways and Means"
569,"BILLS-115hr6eas","Natural Resources"
569,"BILLS-115hr6eas","Education and the Workforce"
569,"BILLS-115hr6eas","the Budget"
569,"BILLS-115hr6eas","Science, Space, and Technology"
570,"BILLS-115s1771pcs","Committee on Commerce, Science, and Transportation of the Senate"
570,"BILLS-115s1771pcs","Committee on Transportation and Infrastructure of the House of Representatives"
570,"BILLS-115s1771pcs","Committee on Commerce, Science, and Transportation of the Senate"
570,"BILLS-115s1771pcs","Committee on Transportation and Infrastructure of the House of Representatives"
570,"BILLS-115s1771pcs","Committee on Commerce, Science, and Transportation of the Senate"
570,"BILLS-115s1771pcs","Committee on Transportation and Infrastructure of the House of Representatives"
570,"BILLS-115s1771pcs","Committee on Commerce, Science, and Transportation of the Senate"
570,"BILLS-115s1771pcs","Committee on Transportation and Infrastructure of the House of Representatives"
570,"BILLS-115s1771pcs","Committee on Commerce, Science, and Transportation of the Senate"
570,"BILLS-115s1771pcs","Committee on Transportation and Infrastructure of the House of Representatives"
571,"BILLS-115hr3358rh","Committee on Appropriations"
572,"BILLS-115hr6157enr","Committee on Appropriations"
573,"BILLS-115hr6157eas","nan"
574,"BILLS-115hr4508ih","nan"
575,"BILLS-115s1405rs","Committee on Education and the Workforce"
576,"BILLS-115hr6eh","Committee on Commerce, Science, and Transportation"
576,"BILLS-115hr6eh","Committee on Commerce, Science, and Transportation of the Senate"
576,"BILLS-115hr6eh","Committee on Transportation and Infrastructure of the House of Representatives"
576,"BILLS-115hr6eh","Committee on Commerce, Science, and Transportation of the Senate"
576,"BILLS-115hr6eh","Committee on Transportation and Infrastructure of the House of Representatives"
576,"BILLS-115hr6eh","Committee on Commerce, Science, and Transportation of the Senate"
576,"BILLS-115hr6eh","Committee on Transportation and Infrastructure of the House of Representatives"
576,"BILLS-115hr6eh","Committee on Commerce, Science, and Transportation of the Senate"
576,"BILLS-115hr6eh","Committee on Transportation and Infrastructure of the House of Representatives"
576,"BILLS-115hr6eh","Committee on Commerce, Science, and Transportation of the Senate"
576,"BILLS-115hr6eh","Committee on Transportation and Infrastructure of the House of Representatives"
577,"BILLS-115hr6pcs","nan"
578,"BILLS-115hr3537ih","nan"
579,"BILLS-115hr3314ih","Committee on House Administration"
579,"BILLS-115hr3314ih","the Judiciary"
579,"BILLS-115hr3314ih","Oversight and Government Reform"
579,"BILLS-115hr3314ih","Financial Services"
579,"BILLS-115hr3314ih","Ways and Means"
580,"BILLS-115hr5515enr","Committee on Energy and Commerce"
580,"BILLS-115hr5515enr","Ways and Means"
580,"BILLS-115hr5515enr","Transportation and Infrastructure"
580,"BILLS-115hr5515enr","Education and the Workforce"
580,"BILLS-115hr5515enr","Financial Services"
580,"BILLS-115hr5515enr","Natural Resources"
580,"BILLS-115hr5515enr","Appropriations"
580,"BILLS-115hr5515enr","Agriculture"
580,"BILLS-115hr5515enr","Small Business"
580,"BILLS-115hr5515enr","Science, Space, and Technology"
581,"BILLS-115hr3848ih","Committee on Foreign Affairs"
581,"BILLS-115hr3848ih","Committee on Foreign Relations"
581,"BILLS-115hr3848ih","Committee on Armed Services of the Senate"
581,"BILLS-115hr3848ih","Committee on Armed Services of the Senate"
581,"BILLS-115hr3848ih","Committee on Armed Services of the House of Representatives"
581,"BILLS-115hr3848ih","Committee on Armed Services of the House of Representatives"
582,"BILLS-115s987is","Committee on House Administration"
582,"BILLS-115s987is","the Judiciary"
582,"BILLS-115s987is","Ways and Means"
582,"BILLS-115s987is","Financial Services"
582,"BILLS-115s987is","Oversight and Government Reform"
582,"BILLS-115s987is","Science, Space, and Technology"
583,"BILLS-115s1405is","Committee on Finance"
584,"BILLS-115s1880is","Committee on Commerce, Science, and Transportation"
584,"BILLS-115s1880is","Committee on Commerce, Science, and Transportation of the Senate"
584,"BILLS-115s1880is","Committee on Transportation and Infrastructure of the House of Representatives"
584,"BILLS-115s1880is","Committee on Commerce, Science, and Transportation of the Senate"
584,"BILLS-115s1880is","Committee on Transportation and Infrastructure of the House of Representatives"
585,"BILLS-115hr1892eah","Committee on Finance"
586,"BILLS-115s1780pcs","nan"
587,"BILLS-115hr2810rh","Committee on Appropriations"
588,"BILLS-115hr5515pcs","Committee on Armed Services"
589,"BILLS-115hr2825rs","Committee on Commerce, Science, and Transportation of the Senate"
589,"BILLS-115hr2825rs","Committee on Transportation and Infrastructure of the House of Representatives"
589,"BILLS-115hr2825rs","Committee on Commerce, Science, and Transportation of the Senate"
589,"BILLS-115hr2825rs","Committee on Transportation and Infrastructure of the House of Representatives"
589,"BILLS-115hr2825rs","Committee on Commerce, Science, and Transportation of the Senate"
589,"BILLS-115hr2825rs","Committee on Transportation and Infrastructure of the House of Representatives"
589,"BILLS-115hr2825rs","Committee on Commerce, Science, and Transportation of the Senate"
589,"BILLS-115hr2825rs","Committee on Transportation and Infrastructure of the House of Representatives"
589,"BILLS-115hr2825rs","Committee on Commerce, Science, and Transportation of the Senate"
589,"BILLS-115hr2825rs","Committee on Transportation and Infrastructure of the House of Representatives"
589,"BILLS-115hr2825rs","Committee on Commerce, Science, and Transportation of the Senate"
589,"BILLS-115hr2825rs","Committee on Transportation and Infrastructure of the House of Representatives"
589,"BILLS-115hr2825rs","Committee on Commerce, Science, and Transportation of the Senate"
589,"BILLS-115hr2825rs","Committee on Transportation and Infrastructure of the House of Representatives"
589,"BILLS-115hr2825rs","Committee on Commerce, Science, and Transportation of the Senate"
589,"BILLS-115hr2825rs","Committee on Transportation and Infrastructure of the House of Representatives"
589,"BILLS-115hr2825rs","Committee on Commerce, Science, and Transportation of the Senate"
589,"BILLS-115hr2825rs","Committee on Transportation and Infrastructure of the House of Representatives"
589,"BILLS-115hr2825rs","Committee on Commerce, Science, and Transportation of the Senate"
589,"BILLS-115hr2825rs","Committee on Transportation and Infrastructure of the House of Representatives"
589,"BILLS-115hr2825rs","Committee on Commerce, Science, and Transportation of the Senate"
589,"BILLS-115hr2825rs","Committee on Transportation and Infrastructure of the House of Representatives"
590,"BILLS-115hr5515eh","Committee on Homeland Security and Governmental Affairs"
591,"BILLS-115hr2825rh","Committee on Commerce, Science, and Transportation of the Senate"
591,"BILLS-115hr2825rh","Committee on Transportation and Infrastructure of the House of Representatives"
591,"BILLS-115hr2825rh","Committee on Commerce, Science, and Transportation of the Senate"
591,"BILLS-115hr2825rh","Committee on Transportation and Infrastructure of the House of Representatives"
591,"BILLS-115hr2825rh","Committee on Commerce, Science, and Transportation of the Senate"
591,"BILLS-115hr2825rh","Committee on Transportation and Infrastructure of the House of Representatives"
591,"BILLS-115hr2825rh","Committee on Commerce, Science, and Transportation of the Senate"
591,"BILLS-115hr2825rh","Committee on Transportation and Infrastructure of the House of Representatives"
591,"BILLS-115hr2825rh","Committee on Commerce, Science, and Transportation of the Senate"
591,"BILLS-115hr2825rh","Committee on Transportation and Infrastructure of the House of Representatives"
591,"BILLS-115hr2825rh","Committee on Commerce, Science, and Transportation of the Senate"
591,"BILLS-115hr2825rh","Committee on Transportation and Infrastructure of the House of Representatives"
591,"BILLS-115hr2825rh","Committee on Commerce, Science, and Transportation of the Senate"
591,"BILLS-115hr2825rh","Committee on Transportation and Infrastructure of the House of Representatives"
591,"BILLS-115hr2825rh","Committee on Commerce, Science, and Transportation of the Senate"
591,"BILLS-115hr2825rh","Committee on Transportation and Infrastructure of the House of Representatives"
591,"BILLS-115hr2825rh","Committee on Commerce, Science, and Transportation of the Senate"
591,"BILLS-115hr2825rh","Committee on Transportation and Infrastructure of the House of Representatives"
591,"BILLS-115hr2825rh","Committee on Commerce, Science, and Transportation of the Senate"
591,"BILLS-115hr2825rh","Committee on Transportation and Infrastructure of the House of Representatives"
591,"BILLS-115hr2825rh","Committee on Commerce, Science, and Transportation of the Senate"
591,"BILLS-115hr2825rh","Committee on Transportation and Infrastructure of the House of Representatives"
592,"BILLS-115hr2810enr","Committee on Homeland Security"
593,"BILLS-115hr2810pcs","nan"
594,"BILLS-115hr2810eh","nan"
595,"BILLS-115hr2825rfs","nan"
596,"BILLS-115hr2825eh","Committee on Homeland Security and Governmental Affairs"
